pp,symbol,cond,accuracy,meanRT_correct,meanRT_incorrect,meanRTlog_correct,meanRTlog_incorrect,0.1_correct,0.25_correct,0.3_correct,0.5_correct,0.7_correct,0.75_correct,0.9_correct,0.1_incorrect,0.25_incorrect,0.3_incorrect,0.5_incorrect,0.7_incorrect,0.75_incorrect,0.9_incorrect,skew_correct,stdRT_correct,skew_incorrect,stdRT_incorrect,timeout,n_trials,prop_fast_errors,meanRTdiff,meanRTlogdiff,origin,model
9,0,explicitDeadline,0.676829268292683,578.2792792792793,556.0943396226415,-0.560235278432276,-0.6033832863407659,469.0,514.0,528.0,566.0,612.0,629.0,698.0,432.6,480.0,493.8,545.0,596.4,614.0,697.0,0.5560382745507493,92.89692931329576,0.5767326566534061,103.34767016668752,0.06818181818181818,164,1,22.184939656637766,0.04314800790848983,empirical,none
9,1,explicitDeadline,0.9117647058823529,544.7677419354839,589.6666666666666,-0.621430463155749,-0.5482936198180884,429.4,479.0,486.4,531.0,592.0,596.0,678.6,454.6,513.5,517.4,595.0,652.8,667.5,714.0,0.5720562803023428,92.88778450959948,0.10341564539561122,120.15327512727035,0.03409090909090909,170,0,-44.898924731182774,-0.07313684333766057,empirical,none
10,0,control,0.653179190751445,820.2743362831858,816.95,-0.2257810882183745,-0.2237411888428882,580.2,663.0,688.6,778.0,904.1999999999999,939.0,1126.8,660.7,689.75,706.0,757.5,883.4,915.25,1129.3,0.6418993928153145,197.63382662079573,1.0227265948951796,178.86330591652901,-99.0,173,1,3.324336283185744,-0.0020398993754862926,empirical,none
10,1,control,0.8793103448275862,707.4901960784314,827.3333333333334,-0.36808757393587366,-0.2179863217736026,514.6,607.0,614.6,689.0,762.4,796.0,905.6000000000001,579.0,726.0,743.0,841.0,873.0,923.0,1097.0,0.624020491962747,151.23631376299554,0.3133066406576084,198.35103562455464,-99.0,174,0,-119.84313725490199,-0.15010125216227105,empirical,none
11,0,control,0.5428571428571428,790.1852631578948,793.1125,-0.3270678648651155,-0.2772454324382235,406.24,484.45,550.88,719.9,907.06,995.3,1210.7800000000002,543.57,607.0749999999999,626.1700000000001,728.1,869.28,906.4250000000001,1162.5,1.2020403139853815,355.4149079622177,1.1504067794330781,254.13048496014,-99.0,175,0,-2.927236842105117,-0.049822432426891994,empirical,none
11,1,control,0.7413793103448276,844.0899224806202,891.0133333333333,-0.2364276853830106,-0.2303128667069022,510.50000000000006,583.7,631.14,753.8000000000001,933.2,1000.4,1286.3799999999999,428.32000000000005,536.5999999999999,593.7399999999999,786.5,1060.7199999999998,1114.6000000000001,1471.6400000000003,1.5312959971429725,337.2486417793632,1.1116995574383768,444.9055096820611,-99.0,174,0,-46.92341085271312,-0.006114818676108386,empirical,none
12,0,control,0.6571428571428571,1517.5808695652172,1492.3166666666666,0.26081334670184697,0.2831731786091986,600.74,761.7,891.6399999999996,1357.3999999999999,1700.1,1850.7,2780.200000000001,763.98,885.5,925.51,1244.3,1723.1099999999997,1917.15,2585.7400000000002,1.1700890636670314,886.9553872259088,1.2565100418930777,765.3550467032436,-99.0,175,1,25.264202898550593,-0.022359831907351635,empirical,none
12,1,control,0.8806818181818182,976.2258064516129,1455.8857142857144,-0.11672190768438204,0.2032733516088949,551.84,672.8499999999999,696.84,884.0,1049.0,1106.55,1554.2,717.4000000000001,933.6999999999999,943.6,1004.8,1259.8,1539.5,3241.4,2.7696542931887467,497.14660199498235,1.3149515185489289,966.4690017200313,-99.0,176,0,-479.65990783410143,-0.31999525929327693,empirical,none
18,0,control,0.8128654970760234,770.2071942230216,922.24062496875,-0.3063886771997683,-0.1271545639587595,515.98,584.65,606.3999994000001,714.3000000000001,858.0399999999998,896.9000000000001,1100.6399998000002,648.72,706.725,719.9600002999999,824.2,998.0699999999999,1067.775,1268.9600000000003,1.3476778436671624,248.6691188390535,1.407863609566647,308.0595980873842,-99.0,171,0,-152.03343074572842,-0.17923411324100882,empirical,none
18,1,control,0.8636363636363636,735.7914474342106,938.7958333749999,-0.35012453248216263,-0.11215548984735353,532.3799998999999,578.4000000000001,590.6599990000001,661.1500005,762.7199999999999,803.2249999999999,1116.9400009000003,577.25,697.07500025,723.52,955.2,1112.56,1137.425,1216.23,1.7146410561248044,241.3890758658584,0.6186617449575309,299.7584584429199,-99.0,176,0,-203.00438594078935,-0.2379690426348091,empirical,none
19,0,control,0.7470588235294118,811.6692913385826,877.3720930232558,-0.24357022129837,-0.1650067812886395,579.2,659.5,673.8,740.0,881.1999999999999,929.0,1132.8000000000002,632.6,704.5,740.2,786.0,964.0,1016.5,1259.2000000000003,1.2287071004552008,228.67236058154955,0.9378418969662142,242.25930846097768,-99.0,170,0,-65.7028016846732,-0.0785634400097305,empirical,none
19,1,control,0.8563218390804598,755.3355704697987,828.04,-0.3153441001814648,-0.2096531428513336,559.8,606.0,621.4,694.0,784.4,841.0,1055.8000000000002,669.0,714.0,724.8,807.0,831.8,856.0,1085.2,1.591114599589116,218.33651224095343,0.7632402534888726,177.07636770613976,-99.0,174,0,-72.70442953020131,-0.1056909573301312,empirical,none
20,0,explicitDeadline,0.47904191616766467,606.21875,575.7287356321839,-0.5224546271719692,-0.5769035568656709,445.76000000000005,507.7,541.2800000000001,604.8499999999999,683.61,704.9,766.37,425.58,478.7,497.98,543.5,642.9799999999999,662.45,789.54,-0.0950300537970045,123.93017439267966,0.42830948486522735,129.7062852900029,0.045714285714285714,167,1,30.490014367816116,0.05444892969370163,empirical,none
20,1,explicitDeadline,0.8095238095238095,551.1102941176471,636.134375,-0.6188272541987923,-0.46582866003922474,412.79999999999995,462.22499999999997,479.4,529.75,592.7,636.0999999999999,726.8,510.26,555.625,567.1,651.5,717.99,726.1,762.44,0.5036364405360151,119.42237167385831,-0.1146955738581973,104.08533908529095,0.04,168,0,-85.0240808823529,-0.1529985941595675,empirical,none
21,0,control,0.6931818181818182,1045.549180327869,1083.148148148148,0.01085105157691164,0.04701733527455837,703.1,822.25,849.8,1034.0,1206.7,1256.25,1439.4,731.7,904.0,925.5,1010.0,1183.8999999999994,1323.25,1491.0,0.4261606332443569,272.97846318520976,0.5471352706347572,283.1896762460718,-99.0,176,0,-37.598967820279086,-0.036166283697646726,empirical,none
21,1,control,0.875,932.5844155844156,1135.1363636363637,-0.10611197803585339,0.10121990220990246,652.2,711.0,742.8,886.5,1021.1999999999998,1088.5,1301.9000000000003,829.1,945.0,977.0999999999999,1101.0,1247.1,1269.75,1568.2000000000007,1.0551536359042277,264.536286879135,0.5323590807596874,264.2652519281023,-99.0,176,0,-202.5519480519481,-0.20733188024575583,empirical,none
23,0,control,0.7745664739884393,854.084328358209,1099.7435897435898,-0.2097284909508619,0.05221508079362153,550.1,619.8,650.88,752.95,969.09,1029.6750000000002,1252.78,746.86,836.75,859.8199999999999,1091.8000000000002,1244.34,1307.4,1434.6800000000003,1.0796793299169427,290.44855350604865,0.8740344153655252,332.5517457122249,-99.0,173,0,-245.6592613853809,-0.26194357174448346,empirical,none
23,1,control,0.9090909090909091,863.2225000000001,879.20625,-0.18160652656422557,-0.17553198166849418,613.39,676.075,696.9,803.2,944.5699999999999,985.125,1216.6699999999998,546.4,662.2,669.45,915.5500000000001,1050.9,1066.925,1225.6000000000001,1.137821374302162,240.0868346449079,0.21758525771997356,272.28861028634066,-99.0,176,0,-15.983749999999873,-0.006074544895731393,empirical,none
26,0,explicitDeadline,0.46296296296296297,630.136,610.9747126436782,-0.47904602531654566,-0.5082024838351674,489.08,550.2,566.8199999999999,625.6,676.4399999999999,693.0,816.72,485.56,533.6499999999999,543.5,584.3000000000001,635.7199999999999,683.35,792.26,0.21159483198558987,116.95552011977237,0.7381872945653515,111.06223608115721,0.07428571428571429,162,1,19.161287356321736,0.029156458518621753,empirical,none
26,1,explicitDeadline,0.9085365853658537,573.9919463087249,622.6866666666666,-0.5663206091954313,-0.4939923406384852,469.04,504.70000000000005,517.74,567.6999999999999,612.8,633.3,681.6600000000001,497.42,529.05,540.16,617.3,692.46,707.6500000000001,777.96,0.46790712641910354,86.82952972345929,0.01991751189473123,126.89081283115962,0.06818181818181818,164,0,-48.69472035794172,-0.07232826855694607,empirical,none
27,0,explicitDeadline,0.69375,579.8468468468468,674.5714285714286,-0.5614761279016298,-0.40242805494366884,454.0,501.5,517.0,554.0,620.0,653.5,729.0,553.8,620.0,635.4,671.0,722.8,751.0,773.6,0.6932503941627371,108.12376731389384,-0.13068156227558633,88.7541078861518,0.09090909090909091,160,0,-94.72458172458175,-0.15904807295796097,empirical,none
27,1,explicitDeadline,0.6463414634146342,622.6320754716982,567.0862068965517,-0.48360075045260914,-0.5860573090828338,527.5,567.25,569.0,603.5,665.5,680.75,753.0,451.1,480.75,487.2,536.5,605.8,620.75,752.3,0.514184174724848,88.50303470413809,0.7813120624630986,114.3104858481217,0.06818181818181818,164,1,55.545868575146415,0.10245655863022468,empirical,none
28,0,control,0.6319018404907976,579.3339805825243,640.08,-0.5656711606346293,-0.4765170441416615,458.3,493.9,507.66,550.0,598.8999999999999,635.6,720.92,475.71000000000004,520.375,530.92,597.6,675.51,714.7249999999999,877.79,1.639812758512351,124.7143697818261,0.9553918692598792,165.44194106817898,-99.0,163,0,-60.746019417475736,-0.08915411649296778,empirical,none
28,1,control,0.9058823529411765,564.7032467532467,585.1875,-0.5921626494375305,-0.5583978814330082,442.82,477.625,488.74,524.25,597.3599999999999,645.625,754.19,435.15,491.325,495.1,567.3499999999999,658.3,679.1999999999999,752.05,1.1860332645565352,121.4422751703048,0.23498091787880993,127.6903644237366,-99.0,170,0,-20.48425324675327,-0.03376476800452233,empirical,none
29,0,explicitDeadline,0.6,561.9479166666666,581.671875,-0.6067713632964278,-0.5637615044707185,389.5,468.0,487.0,536.0,629.0,676.25,756.5,445.7,491.0,503.5,567.0,627.8,653.5,787.3000000000002,0.31070311244108556,138.38043440888956,0.625924677766678,125.03232022637376,0.06432748538011696,160,0,-19.72395833333337,-0.04300985882570929,empirical,none
29,1,explicitDeadline,0.7195121951219512,583.2033898305085,545.5217391304348,-0.5601593416465945,-0.6434792731688151,451.7,507.0,512.0,560.5,650.8999999999999,672.0,758.1999999999999,356.0,428.75,437.0,533.5,621.5,652.75,778.0,0.3201036050337879,119.18968286404385,0.47834112400182743,151.61262614240644,0.05747126436781609,164,1,37.68165070007376,0.08331993152222061,empirical,none
34,0,explicitDeadline,0.7225433526011561,514.824,600.0583333333333,-0.6793525906338579,-0.5275856857522082,412.02,446.2,462.12,506.29999999999995,549.54,555.8,637.22,462.96,522.8,530.31,583.6,663.7999999999998,671.025,762.1600000000001,1.012468063520706,93.95712422987617,0.42745324692166087,112.01738055364123,0.011428571428571429,173,0,-85.23433333333332,-0.15176690488164968,empirical,none
34,1,explicitDeadline,0.8058823529411765,536.5832116788321,552.6060606060606,-0.6370186265711999,-0.6155611035928453,424.46,469.3,483.3,530.8000000000001,567.9,586.0999999999999,667.88,404.8,477.9,483.64,539.1,612.04,622.3,704.38,0.5927971790403026,92.9513492049526,0.4034007020042777,118.89929020865186,0.011627906976744186,170,0,-16.02284892722855,-0.02145752297835457,empirical,none
46,0,explicitDeadline,0.7407407407407407,599.4241666666666,647.4166666666666,-0.5270009606037759,-0.4431301107296866,477.44,524.0250000000001,542.09,586.7,639.0999999999999,651.1250000000001,761.0600000000001,546.0600000000001,591.475,594.18,632.1500000000001,696.11,723.25,765.64,0.4678558273104945,105.85900246394289,0.1298002744526848,84.46097646082151,0.07428571428571429,162,0,-47.992500000000064,-0.08387084987408927,empirical,none
46,1,explicitDeadline,0.7532467532467533,604.8620689655172,627.9342105263158,-0.5168899822678603,-0.47954739012720493,489.1,534.825,557.1,596.95,648.0,667.9,765.2,504.38,555.25,569.9399999999999,611.35,685.51,701.575,775.2100000000002,0.3084770155258107,102.05528992119687,-0.0056700141097710995,105.62165849840875,0.10982658959537572,154,0,-23.072141560798627,-0.037342592140655384,empirical,none
47,0,control,0.7456647398843931,1126.6124031007753,1613.8863636363637,0.027974192846882844,0.3952997540056813,597.0,764.0,795.0,1033.0,1212.6,1319.0,1686.8000000000002,854.0,971.25,1256.3,1537.0,1886.5,2055.25,2590.6000000000004,1.9159653096281815,544.078037688493,0.4923348140529316,651.7034999927101,-99.0,173,0,-487.27396053558846,-0.36732556115879844,empirical,none
47,1,control,0.9314285714285714,980.7300613496933,1296.4166666666667,-0.08653961255431199,0.20999907967135445,631.0,696.5,727.8,849.0,1079.6,1144.0,1445.0,832.2,1036.5,1069.8,1205.0,1446.3,1550.75,1847.0,1.9504701608711335,406.69174272034326,0.4817734935479584,422.47484235660994,-99.0,175,0,-315.68660531697344,-0.2965386922256664,empirical,none
48,0,explicitDeadline,0.7065868263473054,582.0635593220339,630.9530612244898,-0.559076893374666,-0.4721593352253613,438.6,507.875,520.12,576.6,626.1099999999999,648.325,742.7,517.32,560.8,581.14,630.9,691.14,697.6,743.6600000000001,0.3966030478321203,110.91796434560713,-0.3226086922653209,94.15091852543807,0.05113636363636364,167,0,-48.88950190245589,-0.08691755814930474,empirical,none
48,1,explicitDeadline,0.7559523809523809,606.151968503937,623.2390243902439,-0.5155078119012189,-0.4928463130183409,480.48,523.7,544.54,595.4000000000001,659.8399999999999,675.55,758.6400000000001,426.20000000000005,541.3,543.1,639.9,706.5,715.8,749.5,0.27077499253792464,104.85091369767409,-0.17238322589480778,121.97746283237898,0.045454545454545456,168,0,-17.08705588630687,-0.02266149888287794,empirical,none
49,0,control,0.8275862068965517,743.1597222222222,886.5,-0.32057245116161437,-0.14287001262408758,557.3,628.5,648.0,694.0,796.4,822.0,999.8,671.2,739.5,769.5,874.5,971.8,992.0,1117.8,1.10758135964128,170.18384395699331,0.4988874576797502,191.33699283616386,-99.0,174,0,-143.34027777777783,-0.1777024385375268,empirical,none
49,1,control,0.8735632183908046,723.3421052631579,827.3181818181819,-0.34897762831144363,-0.21072907066806995,559.4,601.75,619.0,685.0,784.7,812.5,993.6000000000004,660.0,682.5,688.2,800.0,889.5,909.75,1084.2000000000003,1.1451572303783413,170.81631454502173,0.8735997356154963,179.93871611868735,-99.0,174,0,-103.97607655502395,-0.13824855764337368,empirical,none
50,0,explicitDeadline,0.4311377245508982,616.2291666666666,584.5926315789474,-0.4971825015698586,-0.5572964810181086,508.50000000000006,538.85,549.98,595.55,660.1899999999999,685.25,756.2499999999999,435.38000000000005,492.05,512.46,594.8,649.2199999999999,656.6999999999999,749.24,0.28902756268660335,100.05910427638034,0.08260963416579109,116.92756099225228,0.05113636363636364,167,1,31.636535087719267,0.06011397944824998,empirical,none
50,1,explicitDeadline,0.8411764705882353,570.2636363636364,620.8407407407408,-0.5749882344765044,-0.4829057814877445,466.52,502.29999999999995,515.3599999999999,551.9,614.18,621.85,708.4999999999999,523.02,569.85,588.42,621.9,653.0200000000001,668.75,705.04,0.7365319145170864,95.52848815225516,-0.007855870221656854,70.06963711611503,0.02857142857142857,170,0,-50.57710437710443,-0.09208245298875989,empirical,none
53,0,control,0.7083333333333334,729.3126050420168,769.6183673469388,-0.34355521409779605,-0.2882001129686631,535.1800000000001,592.25,606.58,716.7,789.4599999999999,808.55,933.6200000000001,575.8599999999999,643.5999999999999,653.26,727.0,803.86,887.1,1042.9600000000003,1.1071693600333998,180.37043735123248,0.8705410757139694,185.064265497004,-99.0,168,0,-40.30576230492204,-0.055355101129132944,empirical,none
53,1,control,0.7976190476190477,721.0753731343284,777.0588235294117,-0.3561863762093108,-0.27786518905805924,510.77,602.25,620.4399999999999,701.3,786.46,807.625,951.77,559.0799999999999,638.575,664.4499999999999,783.0,853.7599999999999,892.4,960.5500000000001,0.7936934125125935,178.62602654395653,0.8702907812405074,183.1780291801709,-99.0,168,0,-55.98345039508331,-0.07832118715125158,empirical,none
56,0,explicitDeadline,0.48255813953488375,546.2927710843373,511.238202247191,-0.619331578686445,-0.6969298737865239,412.94000000000005,488.09999999999997,498.94,536.1,593.92,608.1,672.86,369.90000000000003,421.0,441.15999999999997,494.90000000000003,569.24,574.7,691.96,0.2491365961132534,93.8864828099475,0.4813040125942975,117.84683096909578,0.017142857142857144,172,1,35.05456883714635,0.07759829510007898,empirical,none
56,1,explicitDeadline,0.8245614035087719,504.83262411347516,546.6866666666666,-0.7017452626842154,-0.6235433834161396,393.8,439.0,454.6,487.09999999999997,541.1,556.5,638.0,433.09,470.925,488.4,526.1,573.6799999999998,632.2499999999999,705.15,0.7109996534232261,98.50035568931709,0.5453926046530909,111.53037233876243,0.022857142857142857,171,0,-41.85404255319145,-0.07820187926807587,empirical,none
57,0,control,0.7425149700598802,837.0072580645161,1198.9441860465115,-0.2529743178219656,0.10819240354924071,521.55,566.1,589.2900000000001,726.6,897.0599999999998,974.9499999999999,1384.75,693.2399999999999,858.2,892.26,1051.5,1365.5599999999995,1653.65,1884.22,1.4914269010753023,358.7671965620688,0.6060553597172508,467.33494733553516,-99.0,167,0,-361.9369279819954,-0.3611667213712063,empirical,none
57,1,control,0.9310344827586207,729.866049382716,916.525,-0.3747493942162348,-0.1376926940186199,454.41999999999996,537.9499999999999,563.2299999999999,674.25,770.2,846.45,1073.1999999999998,646.3100000000001,765.125,767.3199999999999,850.85,975.6999999999999,1038.5749999999998,1165.28,2.0048468772912087,280.68055119933547,1.1976721513993727,314.1003259672413,-99.0,174,0,-186.65895061728395,-0.23705670019761493,empirical,none
58,0,control,0.8409090909090909,561.3337837837837,638.3035714285714,-0.6051620862516133,-0.4616751410045229,405.22,470.575,478.38,534.8500000000001,608.74,626.525,763.2000000000002,518.6,571.725,588.95,654.05,687.9,699.15,763.81,0.9553847344485664,137.64764320838793,-0.35608882754002824,100.34598843092776,-99.0,176,0,-76.96978764478774,-0.14348694524709038,empirical,none
58,1,control,0.7771428571428571,590.8691176470588,568.4358974358975,-0.5510417024241488,-0.5959923881406503,445.95,488.925,510.49999999999994,553.95,632.75,660.95,787.4,392.88,464.8,491.16,578.3000000000001,601.98,641.4,783.34,0.7551268294063377,135.79188679997483,0.2840248499649437,141.8134996305461,-99.0,175,1,22.43322021116137,0.044950685716501404,empirical,none
60,0,explicitDeadline,0.6104651162790697,518.7409523809524,548.9328358208955,-0.6753777431397562,-0.6264603193447885,398.64,440.59999999999997,450.86,513.1,557.48,571.2,660.0600000000003,394.22,456.95000000000005,483.48,543.8,639.4200000000001,643.45,695.4,0.5860213152008411,103.15826777637704,0.049721815762519814,124.32339352752521,0.022727272727272728,172,0,-30.191883439943126,-0.04891742379496766,empirical,none
60,1,explicitDeadline,0.7873563218390804,533.5226277372263,506.6594594594595,-0.6512251563928121,-0.7006332540260228,387.21999999999997,450.1,466.78000000000003,539.0,591.5200000000001,605.3,693.6,375.28000000000003,412.7,446.44,508.1,576.36,589.4000000000001,630.0,0.15763387432244988,113.11818974801429,0.026716463872961883,102.47522047212588,0.011363636363636364,174,1,26.863168277766817,0.049408097633210746,empirical,none
61,0,explicitDeadline,0.6878612716763006,611.3067226890756,622.5555555555555,-0.5084018801768683,-0.48119645889788926,478.08,529.3499999999999,541.72,596.4000000000001,671.3799999999999,687.8,769.82,516.9599999999999,568.8,584.29,615.8,676.09,678.6999999999999,709.13,0.32056279414529737,110.8309299752024,0.06909099181172755,75.4144715271762,0.017045454545454544,173,0,-11.248832866479916,-0.027205421278979014,empirical,none
61,1,explicitDeadline,0.872093023255814,568.3553333333333,626.7045454545455,-0.576046524343554,-0.4808168832142524,477.94,509.82500000000005,517.28,543.6999999999999,593.63,610.425,694.03,527.65,549.425,561.35,610.5,710.39,713.3,729.73,1.2244045374881656,88.52364226477036,-0.07670132870370001,103.54385533847471,0.022727272727272728,172,0,-58.34921212121219,-0.09522964112930155,empirical,none
62,0,control,0.8,853.1178571428571,1002.5771428571428,-0.1956134481622951,-0.041504273832963436,611.43,674.175,691.4499999999999,795.9,912.88,961.075,1168.93,683.1800000000001,765.95,778.7,958.9,1122.36,1224.0,1380.2000000000003,1.3581413993600984,248.95883808397593,0.8657486082444666,312.0935069962906,-99.0,175,0,-149.45928571428567,-0.15410917432933166,empirical,none
62,1,control,0.7714285714285715,858.1362962962962,1021.0725,-0.18982673046884602,-0.010294675253857322,629.3199999999999,686.0999999999999,698.72,786.1,909.46,968.3499999999999,1192.8600000000001,729.5899999999999,790.85,811.21,973.15,1180.0,1193.45,1378.5900000000001,1.3743349600373933,251.3204915912009,0.7255240665094843,264.5763919420569,-99.0,175,0,-162.93620370370377,-0.1795320552149887,empirical,none
63,0,control,0.8636363636363636,1067.125,2007.75,-0.006127461558458739,0.6419179207493507,687.1,768.5,793.9,940.0,1125.1,1214.75,1566.9,1306.7,1522.25,1700.8,1872.5,2500.1,2530.5,2746.9,2.1636526611638858,465.10171660409895,0.2227266928135714,654.0414326724064,-99.0,176,0,-940.625,-0.6480453823078095,empirical,none
63,1,control,0.8238636363636364,1394.551724137931,1205.1290322580646,0.27334198741772453,0.10863095956997772,861.2,1026.0,1068.2,1268.0,1574.0,1625.0,2145.4,704.0,758.5,806.0,1024.0,1399.0,1616.0,1722.0,1.0047332025802833,500.5771104301414,1.0713511757200112,507.5645602243117,-99.0,176,1,189.4226918798663,0.16471102784774683,empirical,none
64,0,explicitDeadline,0.8176470588235294,606.7071942446044,639.5290322580646,-0.5148989364539729,-0.458460548156184,485.68,525.7,538.24,584.9,655.48,680.4000000000001,774.92,542.2,568.3499999999999,571.4,619.4,676.5,694.8,779.0,0.5238536297780209,107.68758196833389,0.43393581655001756,98.97904557210879,0.02857142857142857,170,0,-32.82183801346025,-0.05643838829778891,empirical,none
64,1,explicitDeadline,0.7300613496932515,605.5714285714286,656.5113636363636,-0.5132870755628961,-0.4343512641533475,502.34,540.95,555.84,597.7,659.6999999999999,667.6,727.1000000000001,503.53,584.5,593.29,668.9000000000001,705.7700000000001,723.7249999999999,788.14,0.14058488125654162,92.15740140858232,-0.09913949858438005,106.73916527099325,0.07386363636363637,163,0,-50.93993506493507,-0.07893581140954858,empirical,none
69,0,explicitDeadline,0.6569767441860465,506.312389380531,561.5118644067796,-0.7060127729587777,-0.5920321911860594,377.5,422.8,428.02,471.0,553.78,577.0,668.16,438.16,493.15,507.73999999999995,556.1,602.5799999999999,623.95,693.74,0.7816523739612707,117.77230387242342,0.5360293523530165,98.68715998783259,0.022727272727272728,172,0,-55.19947502624865,-0.1139805817727183,empirical,none
69,1,explicitDeadline,0.6705202312138728,567.5275862068966,484.280701754386,-0.578306874204462,-0.7501781254484325,465.85,511.82500000000005,525.9,571.8499999999999,606.45,621.5,666.0999999999999,355.16,395.1,406.65999999999997,474.5,540.56,556.6,632.5600000000001,0.14323709444077534,86.63305181722744,0.9018407192040243,112.82579561714424,0.011428571428571429,173,1,83.24688445251059,0.1718712512439705,empirical,none
70,0,control,0.8187134502923976,885.8771428571429,1085.0064516129032,-0.17505193257140433,0.037533692665480504,573.18,634.675,677.3,805.0,1010.09,1037.3750000000002,1373.12,723.7,805.9000000000001,855.7,1068.8999999999999,1271.5,1281.2,1571.3,1.3659231860299932,312.4873164258509,0.4314785827339622,326.6957401369903,-99.0,171,0,-199.12930875576035,-0.21258562523688485,empirical,none
70,1,control,0.7674418604651163,811.7340909090908,1059.835,-0.24581195621235966,-0.0021845251245065415,593.24,640.225,661.43,727.6500000000001,860.43,939.375,1128.04,702.7,775.575,790.03,908.75,1143.86,1214.7749999999999,1773.0800000000002,1.6562959712997853,244.5754579479817,1.2940165593469422,402.5785252593586,-99.0,172,0,-248.10090909090923,-0.24362743108785312,empirical,none
71,0,explicitDeadline,0.7209302325581395,637.2596774193548,649.7312499999999,-0.46114410685731516,-0.4421441663018422,518.98,572.575,585.82,629.85,689.06,702.0,766.74,534.74,579.8,583.9799999999999,624.8,700.64,714.9,787.9400000000002,0.10590259220177357,92.25950491439653,0.5732018392365426,98.59129294827595,0.022727272727272728,172,0,-12.471572580645102,-0.01899994055547294,empirical,none
71,1,explicitDeadline,0.7751479289940828,593.4595419847328,672.5921052631579,-0.5340000348114897,-0.40801953080645376,474.4,524.0,542.0,580.0,657.8000000000001,666.5,725.3,553.64,612.9,631.78,668.45,714.28,741.175,823.11,0.23288176985106843,92.9370157096696,0.030792307684039445,101.5689790416158,0.03977272727272727,169,0,-79.1325632784251,-0.12598050400503596,empirical,none
74,0,explicitDeadline,0.7168674698795181,570.2773109243698,593.5170212765958,-0.5798152835812697,-0.5440935455723196,431.0,487.35,505.54,567.6999999999999,643.6800000000001,660.35,704.72,406.09999999999997,515.5,522.08,588.8,676.02,690.75,723.42,-0.05763465451647544,106.56380315031993,-0.253099661930899,121.68793359342854,0.04597701149425287,166,0,-23.239710352225984,-0.035721738008950066,empirical,none
74,1,explicitDeadline,0.6608187134502924,592.0592920353982,584.7448275862068,-0.537508081979167,-0.554943968274474,468.18,522.8000000000001,529.6800000000001,585.4,635.34,658.8000000000001,729.36,446.46999999999997,501.8,517.09,561.8,644.64,656.1750000000001,731.6700000000003,0.20334757347092858,96.66845736585596,0.40569423556409406,113.42534939358782,0.017241379310344827,171,1,7.314464449191405,0.017435886295307013,empirical,none
77,0,control,0.7346938775510204,916.0370370370371,1088.3076923076924,-0.15800053701861286,-0.012451626957605119,588.4,671.25,691.0,793.5,936.8,1014.2499999999999,1378.1999999999998,652.0,697.5,729.6,857.0,1088.6,1255.0,2105.8,1.8545966320776817,393.86690493408264,1.2797409693285846,534.7243832030691,-99.0,147,0,-172.2706552706553,-0.14554891006100773,empirical,none
77,1,control,0.9470588235294117,810.7639751552795,804.1111111111111,-0.2760924665611743,-0.23503583843020592,552.0,604.0,608.0,701.0,809.0,860.0,1252.0,604.0,756.0,764.8,785.0,851.8,893.0,962.2,2.2467535266010707,352.23121872443295,0.5412033139639493,158.3583313599607,-99.0,170,1,6.652864044168382,-0.04105662813096839,empirical,none
79,0,explicitDeadline,0.7023809523809523,607.728813559322,653.26,-0.5095240607730216,-0.4337295359416286,496.7,532.0,546.3,609.0,645.9,665.75,729.2,543.7,602.75,612.0,640.5,686.9,704.75,764.4000000000001,0.4483824437250078,93.25497269268627,0.4757053096360646,83.99047808033521,0.04,168,0,-45.53118644067797,-0.07579452483139298,empirical,none
79,1,explicitDeadline,0.8497109826589595,622.7482993197278,606.8461538461538,-0.4836187097371693,-0.5136747576064778,524.2,563.5,568.8,611.0,657.8,675.0,757.6,490.0,529.25,538.5,605.5,660.5,679.5,729.0,0.43090233494958646,88.93755262899819,0.37026782167466954,104.39566746094106,0.011428571428571429,173,1,15.902145473574024,0.030056047869308544,empirical,none
80,0,control,0.6149425287356322,1962.7682242990654,2036.3731343283582,0.5179917681533242,0.5249664396597944,824.8,1146.15,1197.22,1620.3000000000002,2258.379999999999,2442.85,3535.7000000000025,810.02,1022.55,1161.56,1591.3,2326.439999999999,2685.5,3592.94,1.502333693458306,1181.0520905865637,1.6421068229328146,1365.0220397357214,-99.0,174,0,-73.6049100292928,-0.0069746715064702425,empirical,none
80,1,control,0.8457142857142858,1434.662837837838,3339.425925925926,0.19223330483656467,0.991315430183476,686.07,757.55,797.03,1101.2,1535.11,1631.95,2576.420000000001,1050.14,1786.6000000000001,1914.4,2748.0,3345.359999999999,4239.15,6829.7800000000025,2.0062541675090304,987.5808844360326,1.004773437673387,2240.2529113048117,-99.0,175,0,-1904.7630880880881,-0.7990821253469114,empirical,none
81,0,explicitDeadline,0.562874251497006,546.7542553191489,544.0219178082192,-0.6281565729113122,-0.6285130770122759,397.40999999999997,461.35,467.94,538.1,598.93,624.1,705.96,406.78,466.3,488.38,533.9000000000001,593.92,627.6,682.72,0.48201272191133215,121.9997573282388,0.1876763257490368,107.68504518911641,0.045714285714285714,167,1,2.7323375109297103,0.0003565041009636616,empirical,none
81,1,explicitDeadline,0.7660818713450293,549.2519083969465,564.4975000000001,-0.6140529311298345,-0.6040693240328213,442.59999999999997,489.6,496.3,539.6999999999999,593.7,607.3,675.9,394.32000000000005,462.65,476.47,526.55,626.8599999999999,652.075,794.62,0.38639472775970335,95.08533685480396,0.49633306139693467,146.12196080496318,0.022857142857142857,171,0,-15.245591603053526,-0.00998360709701318,empirical,none
113,0,control,0.7828571428571428,906.9934306569344,1093.0526315789473,-0.1390362242751843,0.027941770058264898,624.34,717.0,737.72,799.0,1023.4999999999999,1104.2,1320.54,656.53,745.25,827.17,962.8499999999999,1314.82,1365.275,1730.4900000000002,0.7488408993804712,269.7536204860834,0.6295461675290187,392.2816498776427,-99.0,175,0,-186.0592009220129,-0.1669779943334492,empirical,none
113,1,control,0.9080459770114943,896.3050632911393,920.43125,-0.1402550693080589,-0.12716626168309433,665.01,717.9000000000001,749.28,850.05,956.03,996.75,1175.0600000000002,653.7,685.5,717.7,813.9,1052.55,1102.775,1271.35,1.4272914420995604,238.72364984079,0.7844562279037336,290.3629882721511,-99.0,174,0,-24.1261867088607,-0.01308880762496456,empirical,none
115,0,explicitDeadline,0.6705202312138728,588.801724137931,583.1157894736842,-0.5413669825221742,-0.5548724996466776,478.9,524.35,538.5500000000001,589.95,631.5,641.425,699.1500000000001,446.38,500.0,513.9599999999999,575.0999999999999,634.4599999999999,665.4,722.26,0.24107871709661868,90.0473759198178,0.21066200168223073,103.22567300661781,0.017045454545454544,173,1,5.685934664246815,0.01350551712450343,empirical,none
115,1,explicitDeadline,0.8771929824561403,545.4366666666666,578.3333333333334,-0.6185862577452623,-0.5644760232828048,449.16,476.1,489.12,528.1500000000001,582.87,608.95,672.14,454.40000000000003,512.3,522.3,569.1,657.5999999999999,666.1,705.0,0.6698671950022984,87.84065455608335,-0.2104207100048254,105.52851431406266,0.028409090909090908,171,0,-32.89666666666676,-0.05411023446245755,empirical,none
116,0,control,0.686046511627907,1044.3745762711865,1312.0111111111112,-0.043539260114371175,0.17790750375503103,603.48,722.3,741.23,903.05,1157.34,1275.7,1722.1699999999996,736.03,862.75,962.7299999999999,1057.45,1483.9499999999991,1682.0,2232.8100000000004,1.366007432189641,471.5933109916225,1.1541879799378607,612.4603095855356,-99.0,172,0,-267.6365348399247,-0.2214467638694022,empirical,none
116,1,control,0.9022988505747126,1008.3694267515923,1332.8882352941175,-0.04672614430442972,0.24290085316518956,669.66,736.7,757.3,886.8000000000001,1201.3600000000001,1229.5,1492.22,857.94,977.9,1066.4599999999998,1337.8000000000002,1429.06,1539.3,1883.62,1.1706351415234504,356.23994752572423,0.5400737153526453,410.5544146065673,-99.0,174,0,-324.5188085425252,-0.2896269974696193,empirical,none
117,0,explicitDeadline,0.4853801169590643,516.5180722891566,504.27272727272725,-0.6804393625450438,-0.7012601741739589,402.8,434.5,446.0,500.0,557.0,583.0,637.6,400.2,436.5,444.2,485.0,531.9,541.0,633.1999999999998,0.755635694883132,105.74167342480277,0.9730481918973735,95.89286733782443,0.011560693641618497,171,1,12.245345016429383,0.020820811628915137,empirical,none
117,1,explicitDeadline,0.8187134502923976,501.1142857142857,522.6774193548387,-0.7020340426481155,-0.6715345976926527,417.0,444.5,452.0,488.0,536.3,549.25,584.1,409.0,425.0,434.0,515.0,562.0,591.0,659.0,0.8509826543823733,76.79235627001239,0.7720325486014746,116.23550435696603,0.011560693641618497,171,0,-21.563133640552962,-0.030499444955462862,empirical,none
121,0,control,0.8294117647058824,798.8936170212766,1055.7241379310344,-0.2733817381240959,0.023103222208892334,544.0,607.0,641.0,715.0,864.0,928.0,1205.0,748.0,883.0,902.0,1022.9999999999999,1151.2,1184.0,1444.6,1.2566076593799507,267.8736029795625,0.5730129257557998,270.38000990031526,-99.0,170,0,-256.83052090975787,-0.2964849603329882,empirical,none
121,1,control,0.8295454545454546,801.2945205479452,883.7666666666667,-0.26306738830170484,-0.17829910384982844,559.0,642.75,663.5,726.5,883.5,918.0,1140.5,581.1,633.0,673.0,792.5,954.3,1026.25,1339.7000000000003,1.4165260050140287,248.86293604168094,1.3617365950221578,321.91985330827765,-99.0,176,0,-82.47214611872141,-0.0847682844518764,empirical,none
124,0,explicitDeadline,0.6882352941176471,697.0854700854701,680.7547169811321,-0.3674915982631102,-0.393113926278877,596.2,640.0,648.0,694.0,748.2,756.0,798.4000000000001,563.2,614.0,626.8,681.0,748.8,757.0,790.8000000000001,-0.110874576360883,79.74923766250843,-0.1741840917487986,88.38985010917376,0.03409090909090909,170,1,16.330753104337987,0.025622328015766804,empirical,none
124,1,explicitDeadline,0.9470588235294117,621.4285714285714,715.7777777777778,-0.4861181431598552,-0.34485053809422533,509.0,561.0,571.0,614.0,660.0,678.0,753.0,588.2,646.0,652.8,739.0,797.8,807.0,826.8,0.24631942996028955,89.74287675671778,-0.41795582397114656,107.10482923026603,0.03409090909090909,170,0,-94.34920634920638,-0.14126760506562985,empirical,none
132,0,explicitDeadline,0.8390804597701149,577.8424657534247,651.0,-0.558086353602167,-0.43929728756975506,480.0,522.5,531.5,575.0,615.0,623.5,687.5,538.1,584.0,622.1,650.5,682.0,705.75,771.9,0.36713083974930644,80.7241098331898,0.046328495686017754,92.99900437539543,0.011363636363636364,174,0,-73.15753424657532,-0.1187890660324119,empirical,none
132,1,explicitDeadline,0.7251461988304093,592.3387096774194,622.7659574468086,-0.535162095619732,-0.4831282278723527,475.6,532.25,539.0,588.0,637.1,656.0,710.0,526.0,562.5,582.2,609.0,652.5999999999999,676.0,736.4,0.21949625658175506,89.82321273640248,0.34795806505917887,87.19548571431135,0.028409090909090908,171,0,-30.42724776938917,-0.052033867747379337,empirical,none
137,0,explicitDeadline,0.7530120481927711,592.0096,593.6365853658536,-0.5394902668863285,-0.535065052635306,467.54,513.4,528.3000000000001,583.4,627.58,637.8000000000001,762.6800000000001,502.6,526.5999999999999,540.0,583.3000000000001,651.0,651.8000000000001,708.3000000000001,0.37092068020280694,104.17570410825948,0.09923236613399337,97.5309585621344,0.04046242774566474,166,0,-1.6269853658536704,-0.004425214251022491,empirical,none
137,1,explicitDeadline,0.8622754491017964,528.6222222222223,581.3304347826087,-0.6568324479780056,-0.555724772364072,405.47,451.275,465.73999999999995,509.55,564.04,590.2249999999999,660.86,477.82,528.5,532.08,554.4,599.64,626.8,686.4599999999999,0.8705031476681541,107.45073709063564,1.3524137089464903,101.9009609856667,0.023391812865497075,167,0,-52.708212560386414,-0.10110767561393352,empirical,none
139,0,control,0.7215909090909091,921.4842519685039,952.4367346938776,-0.11242972595609343,-0.06844609659127844,643.6400000000001,757.3,775.96,885.1999999999999,1048.94,1111.35,1232.1800000000003,751.02,818.0,823.26,909.5999999999999,1016.56,1063.8000000000002,1255.0200000000004,0.38844754810230475,228.47104516806937,0.7335655582439309,196.025994974601,-99.0,176,0,-30.95248272537367,-0.043983629364814994,empirical,none
139,1,control,0.8620689655172413,842.4340000000001,964.7041666666668,-0.1934680883457348,-0.06934726537535431,666.13,696.675,717.3499999999999,799.0,900.98,935.625,1070.52,674.07,801.775,809.2199999999999,973.95,1107.36,1142.025,1217.69,1.2128575822856218,186.76984933729662,0.16693383058388442,247.88800325105916,-99.0,174,0,-122.27016666666668,-0.1241208229703805,empirical,none
140,0,control,0.7657142857142857,818.9791044776119,1012.5268292682927,-0.235570940358799,-0.02548590725477039,585.7600000000001,635.5999999999999,659.36,758.3,884.1299999999999,957.9,1149.52,720.6,825.9,850.1999999999999,938.6999999999999,1166.1,1196.9,1335.3999999999999,1.0618422642000582,232.13753768445017,0.5754157791828473,283.144090547896,-99.0,175,0,-193.54772479068072,-0.2100850331040286,empirical,none
140,1,control,0.867816091954023,810.8119205298013,881.991304347826,-0.2477445112290192,-0.16396972425990683,584.9,641.8,665.5,749.3,885.1,924.25,1130.1000000000001,595.5,706.6,717.48,870.6,1044.8,1083.25,1150.34,1.3614771454797516,240.09858473195334,0.3888289467790559,246.70568573807546,-99.0,174,0,-71.17938381802469,-0.08377478696911236,empirical,none
142,0,control,0.7225433526011561,770.7231999999999,874.6750000000001,-0.2924420268117939,-0.15754235299389888,567.4,619.9,633.54,713.5,857.5999999999999,906.2,1043.02,703.69,753.75,772.0300000000001,836.3,920.04,970.925,1144.95,0.9941193986048612,204.43091471913746,0.8258000159146435,195.1803492245166,-99.0,173,0,-103.95180000000016,-0.134899673817895,empirical,none
142,1,control,0.8313953488372093,756.9041958041959,924.548275862069,-0.3045764278658544,-0.10691797955271039,558.28,628.3,659.76,724.1999999999999,819.78,845.1999999999999,981.3999999999999,670.5200000000001,764.3,816.54,949.7,1004.44,1044.6,1122.3999999999999,1.161615339001058,181.26238505490426,0.49709698098114496,222.6681621681684,-99.0,172,0,-167.6440800578731,-0.19765844831314405,empirical,none
144,0,control,0.7109826589595376,1251.0243902439024,1287.86,0.14315549402830585,0.1917271772285349,733.4,864.0,900.6,1096.0,1356.2,1524.5,2072.7999999999997,788.3,969.25,992.1,1171.5,1388.3999999999999,1490.5,2053.8,1.2645857588435827,544.0184643595974,0.9731738711536496,474.50055418130694,-99.0,173,0,-36.83560975609748,-0.04857168320022906,empirical,none
144,1,control,0.8971428571428571,1066.8917197452229,1149.611111111111,0.004495642590067289,0.08170163189502805,692.8,781.0,810.1999999999999,965.0,1132.4,1234.0,1611.0000000000002,736.0,844.25,926.9,1100.5,1375.2999999999997,1395.25,1644.4,1.8193242634839442,414.7359459546462,0.43174104930130297,393.08660008120177,-99.0,175,0,-82.71939136588821,-0.07720598930496075,empirical,none
145,0,control,0.5722543352601156,546.2060606060606,596.9689189189189,-0.6304222706395557,-0.5352135617251663,394.4,445.8,474.91999999999996,536.5999999999999,594.12,613.25,719.0799999999999,455.11,505.175,519.05,586.45,645.8499999999999,680.55,739.5500000000001,0.6834576860596759,126.32280145316551,0.5895484279261929,119.71550170926145,-99.0,173,0,-50.76285831285827,-0.09520870891438937,empirical,none
145,1,control,0.8465909090909091,520.5771812080537,524.7851851851852,-0.6688224927184092,-0.6726419106264737,410.32,443.79999999999995,459.38,505.8,573.86,577.9,648.3600000000002,403.71999999999997,436.54999999999995,452.68,496.8,538.14,561.45,699.9000000000001,0.7510595266814521,95.56506282392773,1.2815873755974097,133.56725388560372,-99.0,176,0,-4.208003977131511,0.003819417908064504,empirical,none
151,0,explicitDeadline,0.7560975609756098,606.0451612903227,613.0775000000001,-0.5120663156771051,-0.5061341882309043,496.24,543.25,551.21,600.95,646.91,659.075,747.18,484.42,535.95,539.92,595.2,684.7099999999999,693.6,757.08,0.4109729473889632,91.87446486086168,0.29554515972196643,113.97351353916197,0.06818181818181818,164,0,-7.032338709677447,-0.005932127446200863,empirical,none
151,1,explicitDeadline,0.8571428571428571,589.9458333333333,682.2624999999999,-0.5399584897432821,-0.39230483013384876,484.86,524.825,532.4999999999999,573.6500000000001,629.48,650.3249999999999,726.4100000000002,566.64,638.0999999999999,644.2900000000001,666.95,714.0799999999999,734.85,833.22,0.4354349489365789,93.27763421879088,0.08545941164383519,97.33868622986711,0.045454545454545456,168,0,-92.3166666666666,-0.14765365960943333,empirical,none
152,0,explicitDeadline,0.7848837209302325,549.8614814814815,597.1135135135136,-0.6133234171268268,-0.5383242056122786,445.74,472.55,488.09999999999997,528.4,590.1600000000001,604.75,680.72,455.84000000000003,506.70000000000005,520.76,562.8,662.3,681.9,811.5,1.0612819790376655,100.03681783804387,0.5433420993302287,130.52184823954906,0.022727272727272728,172,0,-47.25203203203205,-0.07499921151454825,empirical,none
152,1,explicitDeadline,0.8947368421052632,540.537908496732,584.8166666666667,-0.6281316727367302,-0.5474455393019022,437.90000000000003,472.5,481.02000000000004,525.6999999999999,576.4399999999999,590.3000000000001,660.0400000000001,484.62,515.6,539.22,599.1,622.5,651.1,695.43,0.582585585626612,88.66780998296836,-0.17112888552101083,87.51309313804553,0.028409090909090908,171,0,-44.27875816993469,-0.080686133434828,empirical,none
156,0,control,0.8114285714285714,1820.0154929577463,1960.8606060606062,0.511725044978529,0.5660103211736602,908.27,1243.325,1327.24,1673.6999999999998,2114.4900000000002,2214.75,2987.6300000000006,979.6,1317.3999999999999,1374.7,1716.8000000000002,2159.7200000000003,2319.3,3371.8400000000006,1.1635180110406138,793.4371033178285,1.2528811380457128,961.0442783566847,-99.0,175,0,-140.84511310285984,-0.05428527619513124,empirical,none
156,1,control,0.9085714285714286,1488.2125786163522,2493.20625,0.30035883880302516,0.8608226888866135,837.14,1001.95,1039.74,1250.3,1662.2599999999995,1773.15,2407.6000000000004,1654.0,1931.1750000000002,2008.65,2256.95,2684.8,2940.6,3606.9,2.000640963638945,754.9465252034255,0.6427961975972835,843.1427783151559,-99.0,175,0,-1004.993671383648,-0.5604638500835883,empirical,none
160,0,explicitDeadline,0.7823529411764706,618.3834586466165,678.8378378378378,-0.49089651480915364,-0.39191808519599036,516.4,547.0,554.2,599.0,651.1999999999999,678.0,764.4,607.4,650.0,652.4,682.0,720.0,730.0,755.6,0.7235742536399875,90.93943387442924,-0.769555376545124,63.66427286665294,0.03409090909090909,170,0,-60.45437919122128,-0.09897842961316328,empirical,none
160,1,explicitDeadline,0.8888888888888888,615.8486842105264,684.3684210526316,-0.4935958939797219,-0.3858782191840792,518.0,555.5,566.0,600.5,645.7,662.25,735.7,618.8,632.0,636.8,664.0,713.0,720.0,787.8,0.7183287025810364,83.8663995792694,0.13203975655491965,80.5165342069674,0.022857142857142857,171,0,-68.5197368421052,-0.1077176747956427,empirical,none
161,0,explicitDeadline,0.437125748502994,657.7397260273973,624.2127659574468,-0.42882513985580034,-0.4857076372265685,539.8,574.0,587.2,663.0,712.8,735.0,776.8,489.0,539.25,554.6,617.5,685.1,704.75,764.4000000000001,-0.04121840915190472,92.00030606791788,0.17817371854383957,105.91839751455908,0.05113636363636364,167,1,33.52696006995052,0.05688249737076817,empirical,none
161,1,explicitDeadline,0.8404907975460123,582.043795620438,679.3846153846154,-0.5528072898618669,-0.39651557176250496,482.6,512.0,533.0,570.0,608.0,620.0,698.2,570.0,585.25,586.0,665.0,763.5,773.5,796.5,0.7846913932199835,91.02051066632136,0.27596805614720665,98.1574559259059,0.06321839080459771,163,0,-97.34081976417735,-0.15629171809936193,empirical,none
166,0,explicitDeadline,0.6993865030674846,581.7412280701755,633.6448979591836,-0.5597030817177984,-0.4714257865682948,447.34000000000003,503.325,524.74,579.0,642.1600000000001,652.675,730.3700000000001,469.56,564.3000000000001,580.9399999999999,649.3,680.92,703.2,774.5200000000001,0.25890160881062974,110.066522774396,-0.09617926212624416,108.90604333787088,0.06857142857142857,163,0,-51.90366988900814,-0.08827729514950355,empirical,none
166,1,explicitDeadline,0.6686746987951807,594.4774774774775,611.9381818181818,-0.5350620993212866,-0.5064945723160441,468.8,515.0,537.5,583.2,636.3,655.7,754.0,466.44,550.8,563.02,603.1999999999999,667.06,674.6500000000001,748.14,0.5002670160089717,104.51505910170832,-0.18088652739102792,104.95951510676775,0.04597701149425287,166,0,-17.460704340704297,-0.028567527005242455,empirical,none
173,0,control,0.7804878048780488,784.2734375,901.0277777777778,-0.28466756348424127,-0.13249669706826556,511.0,611.5,644.1,742.0,861.9,896.0,1089.1,679.0,737.0,750.5,874.5,944.5,1015.2499999999999,1177.0,1.1520419812223754,238.65831388187786,1.1022484096401801,228.09515384231472,-99.0,164,0,-116.75434027777783,-0.15217086641597571,empirical,none
173,1,control,0.8353658536585366,801.7737226277372,797.4814814814815,-0.2502597008938085,-0.25435738780402295,587.6,660.0,678.0,744.0,881.9999999999998,911.0,1060.4,576.2,675.5,726.8,785.0,835.6,886.5,1049.0,1.121294611674081,203.76063641312402,0.3200568212895823,190.09337186890562,-99.0,164,1,4.292241146255719,0.004097686910214449,empirical,none
176,0,explicitDeadline,0.5798816568047337,582.1602040816326,594.181690140845,-0.5601141994085461,-0.5321528029739893,461.99,497.9,505.68,575.6,640.0699999999999,650.475,751.41,479.3,522.7,542.5,578.6,644.2,656.7,711.3000000000001,0.3834296050278401,114.49397835855952,0.30618313404897923,91.23352815692132,0.03977272727272727,169,0,-12.021486059212407,-0.027961396434556862,empirical,none
176,1,explicitDeadline,0.7058823529411765,558.1916666666667,565.596,-0.5983716490050266,-0.5885100861273205,435.34000000000003,479.3,486.88,551.95,607.5,618.925,698.79,422.55000000000007,484.85,501.74,558.0,640.47,650.05,708.0500000000001,0.6253787193522539,99.73743477931714,0.03715602053920083,108.41665087870544,0.03409090909090909,170,0,-7.404333333333284,-0.00986156287770612,empirical,none
177,0,control,0.6763005780346821,698.3162393162393,709.9642857142857,-0.38907488701914245,-0.37772723787597895,508.6,568.0,578.8,646.0,784.0,819.0,917.2,495.0,578.75,600.5,679.5,761.0,792.0,997.0,0.8144442808214647,177.18846626922073,0.7706349339355392,194.6182243438503,-99.0,173,0,-11.648046398046404,-0.011347649143163496,empirical,none
177,1,control,0.8103448275862069,663.4964539007092,729.1818181818181,-0.4258778505969077,-0.3377948320462611,538.0,578.0,593.0,628.0,693.0,710.0,844.0,537.6,599.0,628.4,733.0,843.2,849.0,920.0,1.345438689890646,124.66025968398353,0.07302389476942249,152.71183126755736,-99.0,174,0,-65.68536428110895,-0.0880830185506466,empirical,none
181,0,control,0.7283950617283951,816.2177966101694,1225.75,-0.2824507383999398,0.11761947849086572,501.81000000000006,566.775,594.6800000000001,702.1,856.42,932.275,1285.2999999999995,684.28,782.1999999999999,801.64,1092.0,1495.0899999999997,1662.575,1897.24,1.8615187051519893,372.6609344615237,0.7167401169476069,522.0079989140326,-99.0,162,0,-409.53220338983056,-0.4000702168908055,empirical,none
181,1,control,0.8392857142857143,844.1347517730496,828.4925925925926,-0.23746115062146622,-0.26876820488300274,538.1,607.1999999999999,638.0,747.8000000000001,864.7,941.0,1363.6999999999998,525.8600000000001,581.8,599.56,701.0999999999999,859.08,879.6,1169.9600000000005,1.6958396805869456,348.585203969625,2.5589758141561116,408.3285196297461,-99.0,168,1,15.642159180457043,0.031307054261536515,empirical,none
182,0,explicitDeadline,0.6477987421383647,585.5660194174758,591.0607142857143,-0.5500914845655642,-0.5426364172232538,465.88,509.70000000000005,530.5200000000001,580.5,635.4399999999999,646.65,709.74,464.1,513.9,523.1500000000001,563.15,631.2,653.575,783.8499999999999,0.3423288448008485,101.55363168547655,0.6838431891167702,111.83544189985153,0.05357142857142857,159,0,-5.4946948682385255,-0.007455067342310384,empirical,none
182,1,explicitDeadline,0.6583850931677019,607.7358490566038,560.6090909090909,-0.5134466714508261,-0.5924071912774793,485.95,526.775,538.75,593.2,653.55,666.475,778.55,449.54,484.9,506.37999999999994,554.8,596.1600000000001,609.8,682.72,0.5133693870583996,108.47369238990996,0.44179060419384397,94.13502963676065,0.052941176470588235,161,1,47.126758147512874,0.0789605198266532,empirical,none
183,0,control,0.7818181818181819,708.0271317674418,785.9888887777778,-0.3723264072763717,-0.2987162424623677,510.1600000000001,572.9,602.12,667.5,777.1399996,797.5,947.78,487.55,584.02499975,608.6000005,771.2000005,849.4500005,952.8,1163.199999,0.8315364027668694,170.2123484446998,0.5353312037181674,271.47394680972167,-99.0,165,0,-77.96175701033599,-0.07361016481400395,empirical,none
183,1,control,0.847953216374269,664.4510345172414,709.3307693461538,-0.44300650057862173,-0.37160135152569673,461.1199994,528.3,547.6,623.7999990000001,709.16,760.6,916.4999994,529.1,588.0250000000001,604.9500005,669.6,750.45,763.25,975.8499995,1.0580276050790762,183.1452900138666,1.0971995981562426,179.7611254044245,-99.0,171,0,-44.87973482891243,-0.071405149052925,empirical,none
184,0,control,0.7771428571428571,691.3897058823529,761.6666666666666,-0.39859683341540525,-0.2881564513286963,514.0,558.0,567.0,638.0,729.5,783.75,986.0,578.0,653.0,687.8,786.0,817.4,850.0,914.0000000000001,1.0934024029434946,178.29348143685965,0.16376673321800944,136.3010084785901,-99.0,175,0,-70.2769607843137,-0.11044038208670898,empirical,none
184,1,control,0.6954022988505747,725.099173553719,748.622641509434,-0.34124757495063435,-0.31169806126238053,542.0,622.0,637.0,703.0,789.0,808.0,920.0,537.0,610.0,639.2,739.0,818.1999999999999,858.0,935.0000000000001,0.5872806320910389,146.78376414296628,0.4646080941046064,159.9997868285953,-99.0,174,0,-23.523467955714978,-0.029549513688253815,empirical,none
185,0,explicitDeadline,0.9710982658959537,547.0404761904762,614.9200000000001,-0.6183788233591134,-0.49664301051829074,437.49,465.09999999999997,480.16999999999996,535.5999999999999,592.43,620.625,688.6999999999999,546.02,584.3000000000001,584.58,585.7,589.54,590.5,712.36,0.6526077216153342,97.45714810693553,1.7781423297460708,103.95841476282718,0.017045454545454544,173,0,-67.8795238095239,-0.12173581284082269,empirical,none
185,1,explicitDeadline,0.6994219653179191,607.0702479338843,559.4211538461539,-0.510553857997526,-0.5974023145451748,491.4,538.3,544.5,591.3000000000001,637.7,660.3,753.6,423.72999999999996,480.17499999999995,489.89,550.75,600.74,620.55,708.91,0.6322672223370217,93.9652609963101,0.46434182797959855,103.74487057773776,0.017045454545454544,173,1,47.64909408773042,0.08684845654764883,empirical,none
186,0,control,0.8728323699421965,1224.4172185430464,1286.1545454545455,0.09322730434189608,0.09962130439960076,660.5999999999999,759.05,820.6,1035.1,1352.4,1425.65,2011.4999999999998,626.06,783.925,809.05,947.15,1489.2399999999998,1732.675,2145.82,1.9936085347288732,656.8166070537081,1.8257140992674825,811.1619183834373,-99.0,173,0,-61.73732691149917,-0.006394000057704685,empirical,none
186,1,control,0.7931034482758621,1255.445652173913,1630.5333333333333,0.09692215030536515,0.3401551133527906,629.34,761.625,778.6100000000001,988.95,1402.1599999999999,1552.05,2132.39,811.65,902.6,955.8,1197.25,1976.75,2485.75,3126.35,1.6234700726735518,716.0170955957251,0.8759543821923867,929.6827827659437,-99.0,174,0,-375.0876811594203,-0.24323296304742542,empirical,none
189,0,explicitDeadline,0.7116564417177914,585.7181034482759,652.8042553191489,-0.5520221599952544,-0.43776561295976596,454.1,507.49999999999994,516.45,570.0,645.8,664.025,750.05,545.3599999999999,596.6500000000001,602.24,648.8000000000001,677.38,690.9,805.0999999999999,0.3409047304340856,108.96028522526828,0.1601030038305929,98.22986121171363,0.06857142857142857,163,0,-67.08615187087298,-0.11425654703548843,empirical,none
189,1,explicitDeadline,0.7647058823529411,617.4338461538462,597.5575,-0.4941989669190178,-0.534991103513617,506.98,545.5749999999999,561.4899999999999,622.0,656.02,680.1750000000001,735.13,465.64,493.575,507.58000000000004,578.9499999999999,658.14,670.625,799.9,0.13674160958671577,95.16765178532428,0.3888585656312081,122.01644674240039,0.02857142857142857,170,1,19.876346153846157,0.04079213659459918,empirical,none
190,0,control,0.7816091954022989,588.9411764705883,629.078947368421,-0.5422072812174762,-0.490419765874118,484.5,523.0,533.0,577.0,614.0,630.0,711.0,454.9,481.75,506.4,657.5,720.9,725.0,806.9,1.0869647747720814,97.92572882553938,-0.16216665816651127,142.71108246496303,-99.0,174,0,-40.13777089783275,-0.05178751534335818,empirical,none
190,1,control,0.8546511627906976,558.0680272108843,621.48,-0.610229286153157,-0.4883335884327685,409.2,453.0,463.8,542.0,612.1999999999999,637.5,745.8000000000001,507.8,550.0,567.4,610.0,688.5999999999999,701.0,757.0000000000001,0.7087192804152493,132.95316200003467,0.1524978412293644,100.39053740268552,-99.0,172,0,-63.41197278911568,-0.1218956977203885,empirical,none
191,0,control,0.7657142857142857,882.1194029850747,969.1219512195122,-0.17638350522045498,-0.07108194153340942,601.9,659.25,674.8,772.0,950.3999999999999,1064.25,1327.8,697.0,724.0,741.0,947.0,1106.0,1136.0,1290.0,1.20843718372587,303.27406510953415,0.4892155276025333,275.00556313663463,-99.0,175,0,-87.00254823443754,-0.10530156368704556,empirical,none
191,1,control,0.8275862068965517,909.1736111111111,888.0333333333333,-0.13229889303324963,-0.15399370375238866,628.6,723.0,739.9,881.5,990.3,1043.5,1226.8000000000002,642.8,693.25,703.7,797.0,993.2999999999998,1068.25,1191.4,1.0216615198508876,258.1327064204216,1.0338338265162788,251.49367351106855,-99.0,174,1,21.140277777777783,0.021694810719139035,empirical,none
192,0,explicitDeadline,0.6894409937888198,631.2990990990991,672.544,-0.4740950449037861,-0.41123598937447403,504.4,548.15,565.5,612.3,687.5,706.55,808.3000000000001,534.8000000000001,590.45,604.51,655.6,742.74,762.6500000000001,835.3100000000001,0.5162395804581249,107.90691568998926,0.12466973463811618,114.9348922349572,0.08,161,0,-41.244900900900916,-0.06285905552931209,empirical,none
192,1,explicitDeadline,0.7716049382716049,661.7344,644.0432432432432,-0.42237423833958826,-0.45186291031878717,550.0,590.3000000000001,608.54,657.2,698.98,723.7,779.2,535.74,572.1,583.6800000000001,639.1,691.38,709.5,768.24,0.29683660738366346,91.65659709463223,0.18500078249800683,99.76102428787993,0.07428571428571429,162,1,17.691156756756868,0.02948867197919891,empirical,none
193,0,explicitDeadline,0.7791411042944786,569.3039370078741,602.0833333333334,-0.5810353525273141,-0.518301484248999,433.70000000000005,481.75,496.06,558.5,618.92,635.55,728.8399999999999,485.25,549.85,555.0,579.0,633.8499999999999,649.125,729.5999999999999,0.4215281206334043,108.23660106347471,0.6494515363202554,91.87158273528169,0.06857142857142857,163,0,-32.77939632545929,-0.06273386827831506,empirical,none
193,1,explicitDeadline,0.654320987654321,592.4924528301887,550.2803571428572,-0.5384913870728277,-0.6166093264373813,479.25,512.275,525.95,567.0,640.3,676.75,751.65,407.7,465.65,483.75,543.05,613.1999999999999,628.825,695.15,0.40002042490461465,104.08521115217566,0.3011256473452771,108.68754452289178,0.07954545454545454,162,1,42.2120956873315,0.07811793936455358,empirical,none
194,0,explicitDeadline,0.7034883720930233,556.202479338843,584.6372549019608,-0.6010961582710481,-0.5501910951755095,444.0,485.20000000000005,499.09999999999997,541.0,608.7,627.0,678.9,486.20000000000005,524.25,530.6999999999999,572.0,615.0,622.6,734.1999999999999,0.3379913095869963,95.07265420264119,0.48711051129593425,97.5345271394378,0.017142857142857144,172,0,-28.434775563117796,-0.05090506309553866,empirical,none
194,1,explicitDeadline,0.6294117647058823,547.1411214953271,520.031746031746,-0.6151765657485306,-0.6680146491677681,445.48,485.45,491.20000000000005,540.2,587.64,608.8,668.2800000000001,429.28,457.5,480.64000000000004,509.4,545.84,554.25,645.74,0.17380376692947117,85.10146436146813,0.4446780444930423,88.57949924001532,0.02857142857142857,170,1,27.109375463581046,0.05283808341923746,empirical,none
195,0,explicitDeadline,0.6975308641975309,572.0389380530974,592.6285714285714,-0.5744656211002231,-0.5449840032886973,444.47999999999996,495.40000000000003,512.62,563.9,624.9999999999999,642.4,721.68,437.12,517.5999999999999,525.74,588.9,661.9799999999999,674.6999999999999,742.5999999999999,0.4625895054463638,103.20210445115889,0.003044097784722026,121.63133847820633,0.047058823529411764,162,0,-20.589633375474023,-0.029481617811525807,empirical,none
195,1,explicitDeadline,0.5534591194968553,578.15,584.1267605633802,-0.5649552168894136,-0.5597489580372337,439.88,502.8,526.28,575.5999999999999,639.9300000000001,648.35,702.3199999999999,429.9,493.25,494.8,559.3000000000001,632.4,679.65,766.5,-0.0552655315358075,104.66731202670945,0.432282231573322,124.53638935524769,0.0755813953488372,159,0,-5.976760563380253,-0.005206258852179957,empirical,none
198,0,explicitDeadline,0.7052023121387283,579.7721311475409,608.7411764705882,-0.5617555326664189,-0.5094063342329376,458.20000000000005,487.575,502.06000000000006,565.75,626.4100000000001,658.3,742.1600000000001,501.2,525.95,534.2,594.0,650.6999999999999,674.4,758.6,0.611649643404034,108.07371777220696,0.5720893916072237,100.66624096780528,0.017045454545454544,173,0,-28.96904532304734,-0.05234919843348129,empirical,none
198,1,explicitDeadline,0.9137931034482759,585.4509433962264,562.08,-0.5455644285101876,-0.600197832349385,494.9,528.0,534.5,568.2,622.78,634.05,700.08,419.36,456.65,487.7,534.0,613.84,625.7,761.9,0.6316947938189327,85.00036028808567,0.5461100865267354,129.41312695616094,0.011363636363636364,174,1,23.37094339622638,0.05463340383919735,empirical,none
201,0,explicitDeadline,0.6666666666666666,579.432456140351,587.0403508771931,-0.5607170294924391,-0.5526737620874618,460.88,495.425,508.66,568.25,632.14,645.15,725.26,451.26,494.40000000000003,504.96,587.3000000000001,653.66,671.8,746.3199999999999,0.48889591673010885,101.95380742660493,0.03510468476477306,116.18070416942422,0.028409090909090908,171,0,-7.607894736842127,-0.008043267404977295,empirical,none
201,1,explicitDeadline,0.8850574712643678,545.6064935064935,581.8,-0.6198839717054703,-0.561776295963187,441.96999999999997,476.15000000000003,483.86,530.8500000000001,581.33,608.125,675.16,436.49,490.09999999999997,504.42999999999995,592.0999999999999,640.8699999999999,683.575,741.6300000000001,0.5251877614762821,92.83866790412476,0.030215314021501884,117.67969462195161,0.005714285714285714,174,0,-36.19350649350645,-0.05810767574228326,empirical,none
202,0,explicitDeadline,0.63125,620.9425742574257,590.3457627118644,-0.490928508117171,-0.5456232920986387,493.5,539.0,560.1,611.7,677.9,694.9,759.1999999999999,457.1,503.0,524.6,577.3000000000001,642.78,685.5,748.1,0.050070159684468166,104.18511251281024,0.2793402922112447,114.51326127395856,0.08571428571428572,160,1,30.59681154556131,0.05469478398146771,empirical,none
202,1,explicitDeadline,0.8698224852071006,594.8210884353741,644.5136363636364,-0.5335498373245781,-0.447700576837975,475.18,514.6500000000001,527.96,579.3000000000001,634.52,654.5500000000001,743.38,547.2,607.5,613.92,628.8,671.91,676.6500000000001,756.6300000000001,0.5466138905907514,101.433206466865,0.41906300817365527,86.02137771648638,0.03428571428571429,169,0,-49.69254792826223,-0.08584926048660307,empirical,none
204,0,control,0.64,703.4910714285714,851.5714285714286,-0.38751334749715055,-0.19807432905064537,506.20000000000005,555.5,577.3,645.0,731.8999999999999,792.25,963.5,608.6,674.0,698.0,801.0,968.4,1019.5,1144.6000000000001,1.3384687839898513,201.907257076369,0.5061781006425824,235.0033434412613,-99.0,175,0,-148.0803571428571,-0.18943901844650518,empirical,none
204,1,control,0.9075144508670521,698.108280254777,733.5,-0.3845535393824229,-0.3576557673605495,516.8,584.0,599.6,678.0,759.0,790.0,909.8,504.5,566.75,590.5,681.0,829.0,870.75,930.5,0.8760889666733279,160.95422902569,1.3730659535178384,247.363160824997,-99.0,173,0,-35.391719745222986,-0.026897772021873434,empirical,none
205,0,control,0.8538011695906432,780.1876712328767,966.488,-0.29777209847653857,-0.08949912157570734,494.0,614.25,641.5,724.9,821.05,863.375,1180.1,674.42,741.0,752.8199999999999,856.7,1062.0,1187.5,1495.02,1.0832323393953833,259.2149463257808,0.6920636978780944,333.2781825042457,-99.0,171,0,-186.30032876712335,-0.20827297690083124,empirical,none
205,1,control,0.936046511627907,705.1031055900621,787.0454545454545,-0.4011484710129944,-0.26661106588124794,493.09999999999997,543.3,563.3000000000001,623.0,690.8,759.9,1086.8,558.4,652.0999999999999,659.5999999999999,746.9,939.9,947.9,1002.8,1.7969764421645151,255.9521714164485,0.3670888400163906,192.35949346801866,-99.0,172,0,-81.94234895539239,-0.13453740513174645,empirical,none
208,0,control,0.6708860759493671,1092.698113207547,1301.9038461538462,-0.010648396588616669,0.14899482405464973,626.5,736.25,767.0,916.0,1138.0,1220.25,1931.0,763.0,858.0,900.6,1003.0,1280.8999999999996,1452.5,2550.999999999999,2.1186242258894428,573.3163370096131,1.948353718641479,748.7011828235532,-99.0,158,0,-209.20573294629912,-0.1596432206432664,empirical,none
208,1,control,0.8132530120481928,1066.7259259259258,1236.0967741935483,-0.0317113169470347,0.13906044687616714,661.8,735.0,765.0,852.0,1028.3999999999999,1163.5,1796.2000000000003,827.0,913.0,934.0,1068.0,1289.0,1382.0,1682.0,2.273227338632564,565.8514971793782,2.483696986634177,568.5155732161145,-99.0,166,0,-169.37084826762248,-0.17077176382320183,empirical,none
211,0,explicitDeadline,0.8034682080924855,571.3021582733813,648.1470588235294,-0.5714610144543074,-0.4475966821744812,473.4,499.5,508.0,550.0,620.2,631.0,705.4,512.6,583.25,590.0,623.0,708.4,726.25,796.8,0.6624186151994139,89.1618504463554,0.3008208299695234,110.03832179661147,0.017045454545454544,173,0,-76.84490055014805,-0.12386433227982624,empirical,none
211,1,explicitDeadline,0.8,602.3235294117648,585.4117647058823,-0.5177205319911549,-0.5479176208076942,493.5,543.0,548.5,599.0,646.0,651.25,713.5,470.0,518.25,532.2,581.0,649.5,657.0,694.1,0.5704863911900383,89.88427805943483,0.4618901273292261,94.64386760683082,0.03409090909090909,170,1,16.911764705882433,0.030197088816539375,empirical,none
213,0,control,0.7810650887573964,918.0386363636364,1425.8351351351353,-0.16933988986673193,0.2511459590095962,532.0799999999999,626.425,673.4499999999999,798.3,1008.5199999999999,1117.6749999999997,1431.4,644.08,839.7,1073.42,1348.6,1695.98,1790.3,2464.2,1.7761082772739496,418.5550189827898,0.40704253397125073,632.8439026490815,-99.0,169,0,-507.7964987714988,-0.4204858488763281,empirical,none
213,1,control,0.8,1004.5786764705883,1166.7411764705882,-0.08136916255278953,0.010482483901582065,574.75,674.075,719.35,883.85,1094.85,1142.6000000000001,1590.35,564.8100000000001,693.925,706.66,927.15,1152.82,1378.525,2231.2799999999997,1.8043988941393987,468.67527973879254,1.4954974179755343,701.218531673408,-99.0,170,0,-162.1624999999999,-0.09185164645437159,empirical,none
215,0,control,0.7314285714285714,1189.3515625,1451.4255319148936,0.055315625282720604,0.2541278452627122,610.3,710.5,786.7,964.5,1366.8999999999999,1467.25,2016.6999999999998,759.8000000000001,864.5,878.4,1327.0,1735.8,1804.5,2376.5999999999995,1.613297334886298,630.4139820914799,1.2419379096339325,750.8866568982721,-99.0,175,0,-262.07396941489355,-0.1988122199799916,empirical,none
215,1,control,0.8265895953757225,1121.1608391608393,1294.2333333333333,-0.015998518779826068,0.12344024707189123,593.2,674.0,716.8,893.0,1201.3999999999999,1290.0,1778.8,626.2,820.0,843.8,1067.0,1367.3999999999999,1470.25,2381.4,2.4558167699017526,697.2313521748923,1.7648824834069583,772.627299335301,-99.0,173,0,-173.0724941724941,-0.1394387658517173,empirical,none
216,0,control,0.7321428571428571,676.8560975609756,772.2844444444445,-0.41596779945419593,-0.2952882983453922,514.86,566.0,580.92,639.3,712.5,732.4000000000001,926.74,540.32,615.5,640.4000000000001,721.5,825.0399999999998,858.0,1136.5,1.2161192929078006,162.61864629356347,0.8742397837261625,219.95283270774587,-99.0,168,0,-95.42834688346886,-0.12067950110880371,empirical,none
216,1,control,0.8285714285714286,683.1524137931035,705.7066666666667,-0.40758745502183635,-0.3771645679174879,507.18,568.6,577.3399999999999,648.9,757.94,791.2,913.54,551.9399999999999,588.3,596.9300000000001,627.45,734.6199999999998,769.7750000000001,1000.38,0.9235266400893407,163.9493667953779,0.9425320277241446,179.41770552950246,-99.0,175,0,-22.5542528735632,-0.03042288710434843,empirical,none
217,0,control,0.6863905325443787,1038.0775862068965,971.566037735849,-0.05631136497282986,-0.12344392750032492,594.5,651.5,675.5,841.5,1172.5,1301.25,1746.5,576.8,639.0,700.4,888.0,1017.1999999999999,1057.0,1500.8000000000004,1.2461248790608384,486.32013343980066,2.2136137717977387,500.35162672149346,-99.0,169,1,66.51154847104749,0.06713256252749505,empirical,none
217,1,control,0.8757396449704142,805.0135135135135,1175.2857142857142,-0.2917919153241209,0.02338403088353143,528.1,574.0,600.0,682.0,839.9,883.0,1215.1000000000001,570.0,620.0,646.0,972.0,1534.0,1685.0,1904.0,2.8514183129753823,380.9178493841002,0.8355451172075452,642.7483288859755,-99.0,169,0,-370.2722007722007,-0.3151759462076523,empirical,none
218,0,control,0.8662790697674418,941.4093959731543,1194.104347826087,-0.11563620051549393,0.13364261569080296,600.6800000000001,699.6,717.4399999999999,850.0,1043.66,1083.7,1425.4800000000005,769.88,946.6,979.58,1183.1000000000001,1326.12,1373.6999999999998,1538.06,1.5407665365782306,341.3788161666383,0.5532806568458857,357.9140596164758,-99.0,172,0,-252.6949518529326,-0.24927881620629688,empirical,none
218,1,control,0.8181818181818182,1023.1062499999999,1032.815625,-0.029660765559752625,-0.02855253935905781,647.12,760.575,796.64,934.8,1139.74,1179.5,1557.1100000000004,675.23,774.7249999999999,791.15,909.9,1029.1499999999999,1219.6750000000002,1600.23,0.978595878637441,346.89689571163734,1.1615131626050785,390.7334642317759,-99.0,176,0,-9.709375000000023,-0.0011082262006948153,empirical,none
222,0,control,0.8068181818181818,1418.0492957746478,1614.0,0.2879643433423,0.43491334422558975,820.3,988.75,1099.0,1339.0,1663.4,1773.75,2027.2,943.6,1305.25,1377.1,1703.0,1852.3999999999999,1910.0,2197.1,0.5678587957465763,496.1248459822579,-0.2544112567805743,451.2198281695224,-99.0,176,0,-195.95070422535218,-0.14694900088328977,empirical,none
222,1,control,0.875,1217.3051948051948,1549.8636363636363,0.13731956753235583,0.3799762221050399,748.4,867.5,897.8,1117.0,1452.1,1521.25,1863.7000000000003,822.4,1102.25,1274.6,1581.0,1936.1999999999998,1992.0,2178.5,0.7080251663945453,429.8686275669599,-0.24013175494436925,501.5228519177077,-99.0,176,0,-332.5584415584415,-0.24265665457268407,empirical,none
227,0,explicitDeadline,0.7705882352941177,467.79236641221377,482.00256410256407,-0.7753233829501924,-0.76029393674478,366.70000000000005,401.20000000000005,412.1,459.7,503.09999999999997,517.2,576.3000000000001,315.02000000000004,409.25,423.88,473.8,544.7199999999999,555.3499999999999,605.68,0.6455921566472858,84.23432757065315,0.5121923370151837,120.35528214673747,0.02857142857142857,170,0,-14.210197690350299,-0.015029446205412467,empirical,none
227,1,explicitDeadline,0.6666666666666666,470.8112068965517,472.95517241379315,-0.7817292437416616,-0.7748331580305783,339.0,389.15,400.15,451.2,516.0,531.35,627.5,365.74,385.95,394.53,454.15,478.68,507.82500000000005,622.17,0.6606896129758382,114.4951039557373,1.1669870912638154,114.92511241675962,0.0,174,0,-2.1439655172414405,-0.006896085711083355,empirical,none
228,0,control,0.8390804597701149,799.2130136986302,906.4250000000001,-0.2624960817399417,-0.11673016499175834,550.0,608.225,645.05,745.35,913.9,944.2,1118.0,704.6199999999999,792.075,806.93,837.4,1032.62,1075.875,1150.99,0.7788850547413669,228.16128997546625,0.41179156048341325,179.06852945378404,-99.0,174,0,-107.21198630136985,-0.14576591674818337,empirical,none
228,1,control,0.7670454545454546,808.2688888888889,818.8243902439025,-0.24214685736391253,-0.22674355844792862,597.8199999999999,666.3,686.66,772.0,859.6800000000001,878.25,1110.6200000000001,602.0,693.9,697.4,770.3,897.9,909.1,1112.4,1.2317733621799882,207.31715427747753,1.0445995629048022,200.62269535185666,-99.0,176,0,-10.555501355013575,-0.01540329891598391,empirical,none
230,0,explicitDeadline,0.6140350877192983,580.0142857142857,552.469696969697,-0.5610076873209544,-0.6026032767465638,467.02,501.6,515.26,564.9,615.74,632.3,742.1200000000001,464.8,503.97499999999997,513.65,550.65,590.5,602.75,645.75,0.7310145891544968,107.40383930661977,-0.010909908900846262,74.6423595341803,0.028409090909090908,171,1,27.544588744588737,0.04159558942560937,empirical,none
230,1,explicitDeadline,0.7283236994219653,566.1904761904761,577.1085106382978,-0.5846772137075582,-0.5612034768993988,445.90000000000003,497.07500000000005,499.9,555.7,631.5,634.425,722.3,468.04,530.75,532.4399999999999,564.6,599.34,606.75,694.78,0.5257962741472416,102.40585797976323,1.0879863638225287,91.49565879411087,0.017045454545454544,173,0,-10.918034447821697,-0.02347373680815945,empirical,none
231,0,explicitDeadline,0.7425149700598802,606.9080645161291,639.4093023255814,-0.5133507520280257,-0.4552764236410102,474.93,529.8,547.02,593.75,661.31,682.85,741.4200000000001,541.28,581.8499999999999,594.1,624.4,666.1999999999999,694.55,762.32,0.2436854407476722,101.62857097538996,0.5683238306250568,83.29234176754008,0.045714285714285714,167,0,-32.50123780945228,-0.05807432838701554,empirical,none
231,1,explicitDeadline,0.8154761904761905,589.8211678832117,601.0451612903227,-0.540255966366275,-0.5227061079710831,480.94,524.8000000000001,539.64,576.3000000000001,624.14,657.6999999999999,709.38,474.6,533.2,558.0,596.5,632.8000000000001,648.95,728.9,0.5514003045438151,94.0705230060194,0.30288602001376763,100.53892061853352,0.034482758620689655,168,0,-11.223993407110925,-0.017549858395191964,empirical,none
233,0,control,0.7816091954022989,514.1323529411765,582.7842105263157,-0.6910617046189113,-0.5777316708810634,376.55,440.4,459.35,497.9,543.05,573.05,685.85,371.51,460.825,505.51,558.6,667.5899999999999,682.7,812.4200000000001,0.7714958316310719,119.41113843595495,0.27260433152758695,159.94085989162807,-99.0,174,0,-68.65185758513928,-0.11333003373784789,empirical,none
233,1,control,0.6857142857142857,550.5125,529.2818181818182,-0.6346426816951821,-0.6847338413424076,365.94,422.825,456.71999999999997,536.95,625.4,647.675,740.2900000000002,322.34000000000003,406.05,428.65999999999997,513.3,589.76,611.0999999999999,740.5,0.6718182507183131,153.94996871596655,1.0874630057274428,172.69806352354138,-99.0,175,1,21.230681818181893,0.050091159647225436,empirical,none
236,0,explicitDeadline,0.5724137931034483,559.1674698795181,568.4032258064516,-0.5951001642435018,-0.5762400931219758,432.99999999999994,485.1,507.58000000000004,568.5,615.8,624.3,665.26,472.07,525.5250000000001,532.3100000000001,554.0,615.52,629.725,667.3599999999999,0.0032070692523543036,92.00391708049484,-0.2123557812830338,83.85135944769688,0.16666666666666666,145,0,-9.235755926933507,-0.01886007112152599,empirical,none
236,1,explicitDeadline,0.6493506493506493,553.8580000000001,508.07037037037037,-0.6016598377987287,-0.6923836657539064,448.14,507.57500000000005,518.75,548.7,599.9000000000001,606.95,654.7800000000001,391.07000000000005,425.525,465.33,515.05,555.2599999999999,567.9000000000001,627.0999999999999,0.09471219903024286,80.98028214923495,0.06759357792289666,88.48854659844699,0.10465116279069768,154,1,45.78762962962969,0.09072382795517775,empirical,none
238,0,explicitDeadline,0.5421686746987951,563.5544444444445,570.9328947368422,-0.5939287545661384,-0.5832696513891213,417.18,474.775,486.30999999999995,560.3,629.54,644.875,727.84,422.55,471.875,484.34999999999997,567.5999999999999,628.7,640.725,751.3499999999999,0.40916328569624033,115.0067151543194,0.21124670990907263,121.19715220874116,0.03488372093023256,166,0,-7.378450292397702,-0.010659103177017015,empirical,none
238,1,explicitDeadline,0.8383233532934131,556.8185714285714,524.9592592592593,-0.5985514715341075,-0.6573290585860188,432.79,506.82500000000005,518.29,550.9,594.38,615.125,682.74,420.3,444.4,454.72,528.8000000000001,569.66,577.05,612.5,0.17874323989039992,89.50552057706744,0.544426204359343,86.82492667280458,0.011834319526627219,167,1,31.859312169312147,0.05877758705191127,empirical,none
240,0,explicitDeadline,0.5906432748538012,567.3663366336634,569.3714285714286,-0.5865253543727637,-0.5770409520336349,423.0,486.0,502.0,538.0,605.0,639.0,742.0,455.8,503.0,505.7,543.5,606.0,632.0,703.6,0.5420492777907605,114.9122032485913,0.6740856033456407,97.3331603277058,0.028409090909090908,171,0,-2.005091937765201,-0.009484402339128728,empirical,none
240,1,explicitDeadline,0.9085714285714286,520.5283018867924,589.9375,-0.6637412467364724,-0.541410531656977,430.6,465.0,471.4,519.0,554.6,569.5,627.6000000000001,451.5,540.75,549.0,628.5,650.5,665.5,681.5,0.5512385835564043,77.74046494674532,-0.8541756283691764,95.23267558984153,0.005681818181818182,175,0,-69.4091981132076,-0.12233071507949544,empirical,none
241,0,control,0.7558139534883721,1090.9469230769232,1379.6571428571428,0.030578797463000466,0.25948452373421427,715.71,785.475,832.06,1022.25,1184.6100000000001,1331.375,1597.98,809.01,1013.1999999999999,1042.9099999999999,1344.7,1633.81,1677.05,2080.48,1.1947046816917664,389.572651410354,0.4396103520380446,487.25466379169694,-99.0,172,0,-288.71021978021963,-0.2289057262712138,empirical,none
241,1,control,0.9204545454545454,1038.0858024691358,1283.142857142857,-0.02984153977465913,0.15399355329143896,665.76,759.05,780.95,899.75,1091.99,1188.0500000000002,1620.7400000000005,722.59,913.55,942.28,1141.95,1336.8399999999997,1556.15,2154.5800000000004,1.954991083236127,433.30798965234544,0.7824426100381349,581.9342980549842,-99.0,176,0,-245.05705467372127,-0.18383509306609808,empirical,none
243,0,explicitDeadline,0.7341772151898734,659.7043103448276,742.8928571428571,-0.4268914813680308,-0.3072435346839081,546.6500000000001,593.3,605.3,651.9,699.75,722.475,807.35,598.3100000000001,671.75,696.54,774.2,817.9599999999999,823.4499999999999,838.48,0.3049369616758255,98.02674736341444,-1.0368209433828819,100.2643807406008,0.10227272727272728,158,0,-83.1885467980295,-0.11964794668412271,empirical,none
243,1,explicitDeadline,0.8511904761904762,656.6055944055945,711.3760000000001,-0.4308045102840101,-0.35312237642312355,542.9399999999999,591.1,598.52,645.5,694.7399999999999,710.9,790.2399999999999,607.88,640.0,656.8,718.0,785.38,811.2,835.5799999999999,0.33040519106614663,94.07498266196181,-0.6251989540735841,109.49941126173543,0.045454545454545456,168,0,-54.77040559440559,-0.07768213386088657,empirical,none
245,0,control,0.8850574712643678,998.577922077922,1323.2,-0.07438189885881662,0.22616906980222934,605.6,704.5,732.8,872.0,1085.8,1191.0,1600.2,782.5,986.9999999999999,1096.6,1295.5,1527.0999999999997,1695.75,1825.0000000000002,1.5628075541471116,420.91159679894423,0.39217679202028255,437.4197791114329,-99.0,174,0,-324.622077922078,-0.30055096866104597,empirical,none
245,1,control,0.9147727272727273,989.3913043478261,1149.1333333333334,-0.07856303607985692,0.10398517613941148,573.0,704.0,737.0,900.0,1085.0,1173.0,1481.0,736.6,898.5,979.2,1209.0,1308.6,1342.5,1474.4,1.46287176400875,394.54900161312406,-0.1305289910906537,301.9431986948791,-99.0,176,0,-159.74202898550732,-0.1825482122192684,empirical,none
246,0,explicitDeadline,0.6923076923076923,590.1851851851852,619.8125,-0.5459777559487297,-0.490351450879692,442.4,500.0,516.0,583.0,653.9,677.0,730.4,511.5,542.75,561.4,613.0,666.7,693.25,735.5,0.21403841736490473,113.80341700667553,0.2890752704698627,97.10526340446773,0.09826589595375723,156,0,-29.62731481481478,-0.05562630506903765,empirical,none
246,1,explicitDeadline,0.7865853658536586,601.1007751937984,573.0285714285715,-0.5233489503575811,-0.5833869209414058,467.2,529.0,546.4,598.0,656.8,675.0,737.6,415.6,456.0,463.59999999999997,564.0,660.0,665.0,764.0,0.1837416314216992,101.47273686818244,0.23505246286835968,132.95056261949526,0.046511627906976744,164,1,28.07220376522696,0.06003797058382465,empirical,none
247,0,explicitDeadline,0.6023391812865497,485.98834951456314,552.4764705882353,-0.7465710867303347,-0.6106430558053645,359.9,397.04999999999995,419.06,458.9,524.4599999999999,536.55,669.8,434.65999999999997,491.85,499.43,558.35,615.4599999999999,630.125,664.5500000000001,0.9662766642746113,113.75006425421228,-0.26319003991346374,99.12921932846422,0.011560693641618497,171,0,-66.48812107367218,-0.1359280309249702,empirical,none
247,1,explicitDeadline,0.7065868263473054,537.8966101694915,499.3448979591837,-0.6353836787142455,-0.7273131178090221,433.74,472.47499999999997,486.77000000000004,530.75,571.0500000000001,596.5,674.35,365.73999999999995,395.6,410.65999999999997,458.4,549.04,562.2,725.0600000000001,0.4525665101431978,94.92084775663449,0.8412254350453657,134.06175358956858,0.01764705882352941,167,1,38.55171221030781,0.09192943909477658,empirical,none
251,0,control,0.6374269005847953,665.3238532110092,666.6096774193549,-0.4347899322514502,-0.42145877950191496,497.9,567.3000000000001,575.4,633.1999999999999,705.3599999999999,743.1999999999999,895.5,550.71,583.925,589.0600000000001,629.8,715.17,754.575,832.4100000000001,1.028349902193257,162.78390805620904,0.7291151381726497,122.59122492822407,-99.0,171,0,-1.2858242083456162,-0.013331152749535224,empirical,none
251,1,control,0.8303030303030303,633.4087591240876,660.9642857142857,-0.4722475494776917,-0.4408328430595739,513.62,558.8,566.6,604.9,666.42,683.2,798.44,509.50000000000006,540.325,558.13,613.4,700.0699999999999,767.625,889.3100000000001,1.2119383281299556,117.52127809493285,0.8337224910393035,160.64320763334547,-99.0,165,0,-27.555526590198042,-0.03141470641811783,empirical,none
253,0,control,0.6988636363636364,1065.030081300813,1365.801886792453,-0.01251613466159317,0.2729575410267252,609.24,751.75,789.6600000000001,1002.9999999999999,1168.26,1281.1,1565.4999999999998,962.0,1057.1,1101.84,1292.5,1563.48,1627.6999999999998,1943.98,1.1960960546828971,433.7384911186255,0.5033230311955714,383.026635190821,-99.0,176,0,-300.77180549163995,-0.2854736756883184,empirical,none
253,1,control,0.8806818181818182,1015.6806451612903,976.9952380952382,-0.029259897774419372,-0.10983670075359686,665.7,763.6,807.1999999999999,967.0999999999999,1138.04,1177.6,1486.4,506.90000000000003,701.8,734.0,860.1,1091.5,1258.6999999999998,1584.5,0.6966737863652234,310.49268579895084,0.6694435170706902,413.8727443021472,-99.0,176,1,38.68540706605211,0.08057680297917749,empirical,none
255,0,control,0.6273291925465838,841.8019801980198,958.3333333333334,-0.2548534716345187,-0.13608618861260363,538.0,606.0,622.0,711.0,840.0,892.0,1362.0,577.0,654.0,672.7,804.0,969.9,1071.5,1942.7,1.8793166068548801,396.3106614715778,1.5202871199080472,469.30640010034085,-99.0,161,0,-116.53135313531357,-0.11876728302191508,empirical,none
255,1,control,0.793939393939394,888.5496183206106,843.3235294117648,-0.18196148053897251,-0.2831513144792111,576.0,657.0,668.0,789.0,929.0,1047.5,1360.0,431.2,557.5,624.1,727.0,861.0999999999999,916.75,1393.1999999999998,1.700801457694375,353.4665518663891,1.6967978955433844,452.4166570218233,-99.0,165,1,45.226088908845895,0.10118983394023859,empirical,none
256,0,explicitDeadline,0.5163398692810458,607.6455696202531,551.7432432432432,-0.5189891149609325,-0.6134709330991993,459.4,515.5,531.0,609.0,688.2,698.0,750.2,426.5,494.25,512.7,548.0,612.1,624.75,669.1,0.02206793282103463,121.59063707782718,-0.2798979192055504,102.97533430034974,0.025477707006369428,153,1,55.9023263770099,0.09448181813826684,empirical,none
256,1,explicitDeadline,0.7018633540372671,556.0884955752213,573.2708333333334,-0.608186992330239,-0.5937784533598632,420.2,467.0,474.2,537.0,600.5999999999999,620.0,710.0,393.2,455.75,466.3,547.0,651.8,688.25,809.7,0.6378894747283079,117.3334349439758,0.3372832159073946,157.49849571498217,0.024242424242424242,161,0,-17.182337758112112,-0.01440853897037575,empirical,none
257,0,control,0.6807228915662651,973.4159292035398,1163.9056603773586,-0.0782733245255942,0.08961048979654189,665.2,723.0,744.0,868.0,1078.9999999999998,1116.0,1459.1999999999998,746.4,829.0,840.8,1046.0,1316.0,1443.0,1889.8000000000009,1.4802462307323174,342.1682628490518,0.89926519187485,432.7514948714767,-99.0,166,0,-190.48973117381877,-0.1678838143221361,empirical,none
257,1,control,0.9117647058823529,946.1806451612903,1130.4,-0.10231104821289036,0.07302286460183481,631.2,726.5,749.0,861.0,1023.2,1044.5,1427.5999999999997,712.6,905.0,931.6,1108.0,1148.4,1207.0,1599.6,1.5280883420300522,317.04388386827816,1.1091770193476858,382.6344394924668,-99.0,170,0,-184.21935483870982,-0.17533391281472516,empirical,none
258,0,explicitDeadline,0.7349397590361446,559.2360655737705,588.9340909090909,-0.592724319552429,-0.5468445630883213,458.11,508.8,514.98,544.6,597.66,607.475,678.2099999999999,442.32,491.45,500.69000000000005,606.6,643.12,648.75,725.7,0.3234716050590338,85.34739613700914,0.05533773073659876,109.1939025113855,0.04597701149425287,166,0,-29.69802533532038,-0.04587975646410769,empirical,none
258,1,explicitDeadline,0.7441860465116279,565.07421875,577.1931818181819,-0.5857624628275278,-0.5674848274498734,436.75,505.875,514.4399999999999,553.8,615.43,621.7750000000001,696.14,444.09,487.02500000000003,496.42,560.0,637.3,651.65,753.6000000000001,0.3322053129259113,97.84879243244247,0.47465420236683187,111.6243375932371,0.017142857142857144,172,0,-12.11896306818187,-0.018277635377654367,empirical,none
263,0,control,0.8421052631578947,965.1944444444445,1127.0740740740741,-0.09605862746507808,0.054722602383234,614.5,692.75,715.4,868.5,1051.6,1152.75,1452.300000000001,763.8,794.0,842.4,950.0,1228.2,1280.5,1863.6000000000001,1.1428486898135732,356.68777904095856,1.158427635436317,441.6740815375002,-99.0,171,0,-161.87962962962968,-0.15078122984831208,empirical,none
263,1,control,0.8571428571428571,824.94,1051.56,-0.2680130475087068,-0.008495301755214384,516.9,584.25,598.5999999999999,702.5,873.6,915.5,1453.6999999999998,684.2,794.0,836.4,1002.0,1157.4,1191.0,1584.6000000000001,1.8097773913640807,366.1319348148632,0.6421615830280776,364.67634965815927,-99.0,175,0,-226.6199999999999,-0.2595177457534924,empirical,none
266,0,control,0.7034883720930233,1252.9545454545455,1457.5823529411764,0.08315986802991933,0.21874205536124855,585.8,726.4000000000001,801.2,1020.1,1465.3,1553.0,2197.6,670.5,801.15,869.1,1177.6,1377.5,1788.1,2876.0,1.6653300616351978,740.6572075978652,1.5677862703325596,925.3254347970519,-99.0,172,0,-204.6278074866309,-0.1355821873313292,empirical,none
266,1,control,0.815028901734104,1245.1886524822696,1505.21875,0.09121309561287491,0.24480696377194272,657.4,791.2,830.0999999999999,994.3,1242.6999999999998,1361.3999999999999,2211.5,650.1800000000001,844.525,874.5,1179.65,1774.77,2062.6499999999996,2661.3100000000004,1.917181726201196,736.3023986779381,1.3400639964429588,938.9886156297413,-99.0,173,0,-260.0300975177304,-0.1535938681590678,empirical,none
267,0,explicitDeadline,0.47619047619047616,573.71875,543.5124999999999,-0.567333385622473,-0.6253436483743532,458.7,526.075,539.86,577.7,611.7900000000001,613.175,676.6700000000001,444.37,471.04999999999995,477.78,530.75,578.0899999999999,600.8749999999999,694.7099999999999,0.3327441465676676,88.00445773195925,0.7150401972599805,98.56717741035132,0.028901734104046242,168,1,30.206250000000068,0.05801026275188015,empirical,none
267,1,explicitDeadline,0.888235294117647,531.1490066225166,585.7,-0.6496023582259141,-0.5597624522035078,423.5,461.3,476.7,509.49999999999994,555.6,570.65,693.1,415.52000000000004,503.8,523.62,612.5,645.3399999999999,656.0,759.3000000000001,0.9960275201179043,101.70317259394268,-0.2448565585500132,128.3634380274314,0.02857142857142857,170,0,-54.55099337748345,-0.08983990602240621,empirical,none
270,0,control,0.8971428571428571,818.7579617834394,959.4722222222222,-0.23510296981239837,-0.09341105784956737,562.66,668.5,684.38,767.5,882.42,937.8,1151.44,641.0999999999999,740.975,750.86,844.65,1127.37,1178.1,1442.04,0.9781930986253027,226.36274046923486,0.8258505380286848,329.1611849134019,-99.0,175,0,-140.71426043878273,-0.14169191196283099,empirical,none
270,1,control,0.8045977011494253,869.6814285714286,953.5117647058823,-0.1730526040402673,-0.07892807229489507,640.4999999999999,701.375,717.0,814.1500000000001,929.62,967.875,1236.44,683.0,775.35,799.8299999999999,928.65,1007.7199999999999,1130.6750000000002,1281.52,1.0408180532649332,235.77148538719757,0.7361843404692636,246.378271332255,-99.0,174,0,-83.83033613445377,-0.09412453174537222,empirical,none
271,0,explicitDeadline,0.6111111111111112,631.3292929292929,625.9095238095239,-0.4779827172529533,-0.4804871673967918,474.32,539.45,558.9399999999999,631.1,706.4799999999999,724.65,792.84,513.78,556.6,566.78,616.8000000000001,670.3199999999999,679.15,777.1600000000001,0.07527608103262566,118.86687224303449,0.33432936492362564,97.6341652825216,0.07954545454545454,162,1,5.419769119769057,0.002504450143838488,empirical,none
271,1,explicitDeadline,0.8662790697674418,602.4953020134228,672.2260869565217,-0.5187411320564824,-0.4132182112544265,493.66,531.5999999999999,535.2,587.4,640.54,664.9000000000001,752.08,505.58,606.1999999999999,610.32,648.7,751.1,781.75,836.1600000000001,0.5977648006542297,95.50055563413461,0.03920813205057384,121.43680068770267,0.022727272727272728,172,0,-69.73078494309891,-0.10552292080205594,empirical,none
273,0,explicitDeadline,0.75,610.5934959349594,679.4609756097561,-0.506555059026298,-0.39300619810553084,479.36,534.55,543.8399999999999,600.0,679.16,690.45,733.3,577.3000000000001,628.4,644.3,680.1,716.0999999999999,736.4000000000001,775.9000000000001,0.16630922139902243,99.06085208782928,-0.2099870071076767,77.5379902952378,0.05747126436781609,164,0,-68.86747967479675,-0.11354886092076721,empirical,none
273,1,explicitDeadline,0.7365269461077845,639.7861788617886,587.7113636363637,-0.45811623915670335,-0.5507844386611219,526.98,576.2,594.88,641.2,691.68,704.3,762.4200000000001,420.39,515.3,515.94,579.45,667.48,690.9749999999999,729.5300000000001,-0.09783831241613586,95.2437144134941,0.04691706344782852,114.66328301821757,0.029069767441860465,167,1,52.07481522542491,0.09266819950441857,empirical,none
274,0,control,0.7341040462427746,1157.928346456693,1453.7739130434784,0.0792134830677824,0.3256839412758574,719.5600000000001,802.55,852.6800000000001,1016.5,1248.9799999999996,1352.3,1800.94,917.6,1104.5,1187.25,1345.6,1618.8999999999996,1707.225,2161.1499999999996,1.6120643405740418,469.44921592538446,0.9993897234878166,470.62424003056606,-99.0,173,0,-295.8455665867855,-0.246470458208075,empirical,none
274,1,control,0.8850574712643678,1151.3993506493507,1246.445,0.09039711713077306,0.1459914687896831,749.36,858.05,886.4,1047.5500000000002,1286.57,1348.8,1707.63,670.01,850.3,931.67,1151.95,1509.27,1539.8,1832.9900000000005,1.1412770973481938,388.9912777718571,0.5889207732401212,491.1329367418069,-99.0,174,0,-95.04564935064923,-0.05559435165891005,empirical,none
276,0,explicitDeadline,0.6227544910179641,562.1923076923077,539.5714285714286,-0.5984569303814646,-0.637733981492545,396.4,487.0,495.6,544.5,619.1,633.25,723.4000000000001,391.4,473.5,484.59999999999997,531.0,584.8,596.0,651.8,0.3400793619208564,119.26938399971478,0.4600760192862586,110.74771013226038,0.045714285714285714,167,1,22.62087912087918,0.039277051111080374,empirical,none
276,1,explicitDeadline,0.8058823529411765,530.3649635036496,602.969696969697,-0.6560374230250307,-0.5265864837426889,388.6,434.0,471.8,532.0,584.2,595.0,665.2,466.4,534.0,548.2,618.0,686.2,689.0,732.4,0.3879681475806803,111.04059114154984,-0.3844516119442677,118.14463721655038,0.017341040462427744,170,0,-72.60473346604738,-0.12945093928234175,empirical,none
278,0,explicitDeadline,0.6467065868263473,641.4537037037037,674.8983050847457,-0.454386252574531,-0.4024949729677087,522.4,578.5,590.0,637.5,674.9,704.0,788.3,558.4,600.5,626.4,682.0,723.0,740.0,793.2,0.23648981406681585,92.53495265460447,-0.07386573340247134,91.51346140195652,0.05113636363636364,167,0,-33.44460138104205,-0.05189127960682233,empirical,none
278,1,explicitDeadline,0.6181818181818182,646.9313725490196,632.6349206349206,-0.44348962896024213,-0.4667030478348409,542.3,578.0,595.2,639.5,690.7,706.0,759.9,538.2,570.5,578.2,623.0,675.4,685.0,754.2,0.3383202041617137,82.53751140055329,0.4605108220780027,85.52217248577794,0.0625,165,1,14.296451914098952,0.023213418874598768,empirical,none
280,0,explicitDeadline,0.6976744186046512,566.0058333333333,599.5384615384615,-0.5845957682316391,-0.5248648505363392,437.33000000000004,494.975,503.7299999999999,552.45,608.7,623.45,702.2900000000002,492.03,535.7,541.76,574.35,653.33,661.1750000000001,761.75,0.5131259482646927,100.91405553411153,0.4503773785043646,99.60106534166475,0.022727272727272728,172,0,-33.532628205128276,-0.05973091769529981,empirical,none
280,1,explicitDeadline,0.695906432748538,568.1470588235294,580.5730769230769,-0.577154389353165,-0.5580765279667469,456.44,513.8,525.0,555.6999999999999,609.56,625.2,682.84,464.93,513.225,523.58,559.55,637.56,662.3749999999999,724.52,0.25500602896184915,87.14717127718575,0.12009345151580794,98.37206106507094,0.022857142857142857,171,0,-12.426018099547491,-0.019077861386418093,empirical,none
282,0,control,0.8837209302325582,714.0342105263157,741.295,-0.37448252815972444,-0.33114855225571466,509.03,579.825,596.84,657.5999999999999,755.6499999999999,804.0749999999999,991.5800000000003,553.02,592.575,628.13,732.0500000000001,868.28,893.75,963.96,1.3688026305871022,210.6827231057797,-0.09413837806699082,184.09854190508668,-99.0,172,0,-27.260789473684213,-0.04333397590400978,empirical,none
282,1,control,0.8323699421965318,704.39375,769.0206896551725,-0.3790326990351218,-0.29955339770062644,512.95,577.2,596.25,680.25,764.36,796.05,924.6500000000002,540.78,600.9,633.8000000000001,718.3000000000001,829.72,836.4,1110.6200000000001,0.9096757207014143,174.13801745024975,1.2476357920564665,225.96775588456725,-99.0,173,0,-64.62693965517258,-0.07947930133449538,empirical,none
283,0,explicitDeadline,0.7590361445783133,608.7007936507937,622.0975000000001,-0.5122767658542595,-0.4836513791237739,470.95000000000005,534.0,553.85,603.8,661.15,688.25,755.25,517.5699999999999,572.15,579.3199999999999,612.1500000000001,671.4699999999999,688.875,723.2900000000001,0.18014158365354652,107.89747392485647,0.09025141962088148,83.84796830252678,0.04046242774566474,166,0,-13.396706349206397,-0.028625386730485647,empirical,none
283,1,explicitDeadline,0.7037037037037037,623.8850877192982,612.6041666666666,-0.48342434162068454,-0.5048386004276065,510.71,557.175,570.38,622.3499999999999,658.54,674.775,765.68,489.23,528.125,540.92,604.15,690.42,697.525,743.74,0.326485151917676,95.66516203395773,0.11387532227605573,105.37112721402676,0.06896551724137931,162,1,11.280921052631584,0.021414258806921993,empirical,none
293,0,control,0.7470588235294118,620.4094488188977,679.3023255813954,-0.49578134866308865,-0.4110634626148823,493.6,537.0,551.0,587.0,653.0,680.5,803.4,507.0,570.5,592.0,655.0,723.4,737.0,910.0000000000002,1.1340976482692713,125.34532328228848,0.8156569433355758,155.4613004797138,-99.0,170,0,-58.892876762497735,-0.08471788604820635,empirical,none
293,1,control,0.863905325443787,613.945205479452,705.7826086956521,-0.5149717716218639,-0.3839370138587726,462.0,504.25,520.5,571.0,652.5,658.5,846.5,507.2,571.5,572.0,634.0,778.6,840.0,1041.2,1.3066531771061123,153.1315765460368,0.8150009630788934,199.38768917083465,-99.0,169,0,-91.83740321620007,-0.13103475776309131,empirical,none
296,0,control,0.48554913294797686,693.2416666666667,669.9820224719101,-0.3969382584848577,-0.4226724385491171,496.51,562.5749999999999,576.3,652.25,772.26,803.0,952.88,483.64,560.6,583.66,664.0,736.04,760.9,871.72,0.8234851471383078,177.01114130637754,0.36138217171992065,141.84384304403022,-99.0,173,1,23.25964419475656,0.025734180064259427,empirical,none
296,1,control,0.9137931034482759,604.1264150943397,653.9866666666666,-0.5296906703323236,-0.47104138201773954,451.26,496.15,517.84,580.3000000000001,641.86,679.95,787.32,384.74,543.85,637.4000000000001,668.1,761.3,763.5,827.9,1.0619950942077105,143.4729315328739,-0.06900674703048533,194.30722678519288,-99.0,174,0,-49.86025157232689,-0.0586492883145841,empirical,none
298,0,control,0.7727272727272727,777.8669117647058,972.8950000000001,-0.28705318051197964,-0.05531914991067575,581.5,626.175,638.9000000000001,712.25,830.95,874.95,1075.3000000000002,677.63,784.1999999999999,831.03,948.9,1104.8899999999999,1130.2,1284.53,1.6592094355594427,228.4137166067219,0.10257730526192116,228.15172746133163,-99.0,176,0,-195.02808823529426,-0.2317340306013039,empirical,none
298,1,control,0.8514285714285714,760.089932885906,860.7,-0.3173639250969793,-0.19522196468945138,521.78,585.8,605.5,685.9,838.3799999999999,904.6999999999999,1053.4800000000005,605.8499999999999,653.7,688.95,790.6500000000001,963.6,1018.425,1155.9,1.2529634107131873,238.0209284873253,1.1706872339389935,276.6977513461214,-99.0,175,0,-100.61006711409402,-0.12214196040752792,empirical,none
299,0,control,0.7469879518072289,787.6483870967742,808.9809523809523,-0.2536648812508385,-0.2294930574434473,626.6600000000001,693.6,723.1499999999999,776.1,841.74,859.275,937.18,626.9200000000001,682.675,713.96,817.05,888.57,921.75,1005.5800000000002,0.8971268887253397,140.15312501925152,0.1214818537732356,151.4898954017295,-99.0,166,0,-21.332565284178145,-0.02417182380739122,empirical,none
299,1,control,0.8068181818181818,766.8591549295775,773.3529411764706,-0.2813844465406867,-0.27612800879823773,593.2099999999999,658.9250000000001,676.25,742.1500000000001,838.0499999999998,858.575,974.5200000000001,608.6999999999999,674.575,675.07,777.5999999999999,826.83,854.4,946.75,0.635762849780597,139.8876596663922,0.40492419439609284,152.9960095246974,-99.0,176,0,-6.493786246893137,-0.005256437742448938,empirical,none
300,0,control,0.8228571428571428,855.6500000000001,1080.664516129032,-0.1955580175231685,0.04803851084290542,581.48,666.8,682.0699999999999,807.7,955.5099999999999,1018.9,1223.9799999999998,735.6,943.85,969.3000000000001,1091.8000000000002,1207.8,1235.4,1407.8,0.6293851357934249,245.6897603110035,0.057926433675271866,258.78193722178156,-99.0,175,0,-225.01451612903202,-0.24359652836607393,empirical,none
300,1,control,0.8522727272727273,878.1113333333334,919.4038461538462,-0.15341918986009154,-0.12217097644646432,669.01,742.025,755.11,835.8,921.4,970.0500000000001,1143.83,594.8,764.225,806.95,880.5999999999999,1009.25,1098.675,1250.95,0.973836226363841,197.81305815864653,0.33841404298403865,253.58488674330607,-99.0,176,0,-41.2925128205128,-0.031248213413627213,empirical,none
303,0,control,0.6728395061728395,763.1926605504588,931.4150943396227,-0.32470488154977095,-0.14627033487817165,544.8,579.0,589.0,660.0,797.2,833.0,1139.2000000000003,581.6,667.0,695.6,780.0,1003.0,1120.0,1657.6000000000001,1.9508780004365789,289.09951116015594,1.0606212783315778,387.7804411480937,-99.0,162,0,-168.22243378916392,-0.1784345466715993,empirical,none
303,1,control,0.9080459770114943,737.8987341772151,695.1875,-0.3557807660828375,-0.38283095705772563,514.0,563.0,570.0,633.5,797.5999999999999,835.5,1112.5,551.0,591.5,606.5,642.5,763.5,785.75,813.5,1.714276591979331,264.5880150448881,1.4708657490573036,149.43637163243315,-99.0,174,1,42.71123417721515,0.027050190974888144,empirical,none
305,0,control,0.7209302325581395,851.8056451612903,915.9395833333333,-0.20551247346615104,-0.1272535893250276,583.66,658.2,682.6999999999999,773.4000000000001,957.66,1002.2749999999999,1214.9899999999998,647.64,720.55,741.39,855.55,1014.6299999999998,1040.4,1267.5700000000002,1.0777996179124094,269.5516477057434,1.049007754329439,272.7256276448746,-99.0,172,0,-64.13393817204303,-0.07825888414112345,empirical,none
305,1,control,0.8895348837209303,813.8254901960785,865.0473684210527,-0.2485575362540333,-0.17210198604517493,586.6800000000001,633.9,651.56,733.1999999999999,852.6,903.2,1125.8800000000006,631.24,717.7,734.12,820.1,1006.0,1037.35,1154.08,1.8328060409469407,266.4774275839601,0.4052760306779984,208.25703501101455,-99.0,172,0,-51.22187822497426,-0.07645555020885836,empirical,none
306,0,control,0.8850574712643678,676.8961038961039,862.4,-0.41437093775818784,-0.18704127861383174,516.6,580.0,596.0,636.5,719.1,736.25,914.7,576.3,664.5,686.0,914.5,1009.3999999999999,1014.9999999999999,1204.1000000000001,1.3355752659321762,157.7969311741808,0.18419351281092894,242.62650525577698,-99.0,174,0,-185.50389610389607,-0.2273296591443561,empirical,none
306,1,control,0.8439306358381503,739.4657534246576,800.8888888888889,-0.3364690708898453,-0.25645850779954765,508.5,599.25,617.0,703.5,805.5,831.0,1058.5,547.6,624.0,645.2,799.0,939.4,975.5,1060.2,0.9983128016377512,204.07717148797383,0.21216384708942237,211.19719792235978,-99.0,173,0,-61.423135464231336,-0.08001056309029764,empirical,none
307,0,control,0.8538011695906432,661.4246575342465,735.32,-0.4350577547748406,-0.32815491243009104,495.0,562.0,577.0,629.5,695.0,743.75,867.0,573.2,628.0,632.6,695.0,746.0,800.0,953.8000000000001,0.8465212195936472,142.60458161699356,1.2576182257904542,161.38533597160142,-99.0,171,0,-73.89534246575352,-0.10690284234474956,empirical,none
307,1,control,0.7988505747126436,718.5467625899281,715.0285714285715,-0.3485546746359991,-0.35758184677340754,561.2,619.0,630.8,694.0,775.8,807.5,911.8000000000001,545.4,592.0,594.6,689.0,791.4,838.5,936.0,0.7860840700333411,140.32298266528161,0.5160141026592916,154.94448450109775,-99.0,174,1,3.51819116135664,0.009027172137408446,empirical,none
309,0,control,0.7,689.8453781512605,764.1254901960784,-0.38914421802182786,-0.2977036945639276,548.1400000000001,603.55,616.42,653.8000000000001,723.84,754.3000000000001,884.74,530.2,643.9000000000001,677.2,729.3,818.9,906.25,1020.5999999999999,1.0459540896390824,136.04084552878336,0.3859278973485433,184.34609064814714,-99.0,170,0,-74.28011204481788,-0.09144052345790027,empirical,none
309,1,control,0.8520710059171598,701.3423611111111,749.388,-0.37444032183296055,-0.3088066472503157,540.15,602.875,613.17,685.45,758.15,771.6750000000001,862.3000000000003,570.6999999999999,605.8,637.8799999999999,698.6,834.3199999999999,883.6,942.82,0.9323329390528957,143.61599808612644,0.34988963095319914,154.82277050442767,-99.0,169,0,-48.0456388888889,-0.06563367458264485,empirical,none
310,0,control,0.7965116279069767,820.3795620437957,844.2571428571429,-0.23595236130560948,-0.20295756920854555,583.0,638.0,652.4,761.0,924.8,948.0,1145.4,614.2,717.5,725.2,792.0,856.4,891.5,1201.2000000000003,1.1666150083013676,239.88956194915977,1.1001751072542576,232.42156714459523,-99.0,172,0,-23.87758081334721,-0.032994792097063935,empirical,none
310,1,control,0.591715976331361,848.63,836.2173913043479,-0.2051255663448937,-0.21588183609311448,596.5,663.5,674.7,778.5,926.4,964.5,1264.6000000000001,577.2,671.0,691.8,763.0,956.6,985.0,1225.8,1.202623728535133,260.46805791098296,0.8723121384558584,237.64258070405407,-99.0,169,1,12.412608695652125,0.010756269748220776,empirical,none
311,0,control,0.6337209302325582,1053.6394495412844,1130.9158730158729,0.004503134880955418,0.059057484640244615,699.5,788.3,819.9,949.5,1178.8799999999999,1232.5,1491.8000000000002,708.76,787.85,825.9999999999999,1032.6,1317.02,1414.3,1632.3000000000004,1.2412441397794116,348.00974843156024,1.092710499702717,430.34471112021913,-99.0,172,0,-77.27642347458846,-0.054554349759289196,empirical,none
311,1,control,0.8735632183908046,829.7480263157895,986.2954545454545,-0.23197029407011566,-0.05828625233738074,583.1099999999999,644.0749999999999,659.68,744.7,892.2299999999998,951.1,1215.79,716.4100000000001,741.35,773.78,874.25,1082.05,1150.8249999999998,1488.6800000000005,1.593328612922894,274.8940951934721,1.2237380259620982,322.00851286776157,-99.0,174,0,-156.547428229665,-0.1736840417327349,empirical,none
314,0,control,0.8109756097560976,752.6661654135339,848.6451612903226,-0.31953765090113767,-0.2070822504239483,549.3199999999999,616.8000000000001,635.54,703.2,775.0,826.7,1093.92,589.4000000000001,663.6500000000001,723.3000000000001,798.8,902.4,998.55,1166.9,1.343803272918968,214.3649009061128,0.9362888489032795,259.5406889599518,-99.0,164,0,-95.97899587678864,-0.11245540047718938,empirical,none
314,1,control,0.7485029940119761,790.9904,799.2404761904761,-0.2774132523943106,-0.2651949137201747,521.54,628.4,660.7399999999999,740.1999999999999,884.12,915.9000000000001,1106.7800000000002,588.22,685.3249999999999,691.92,740.0,848.63,884.425,1103.62,1.039870252616204,240.41840558868708,0.9576840335640104,237.3831379339684,-99.0,167,0,-8.25007619047608,-0.012218338674135909,empirical,none
315,0,control,0.8628571428571429,667.0900662251656,769.5208333333334,-0.4309321823194955,-0.2772466835758251,500.90000000000003,558.7,569.9,639.0,707.0,719.1499999999999,907.3,609.62,666.8499999999999,694.97,739.6,871.88,880.15,940.9599999999999,1.433250185942312,163.4592058200728,0.41891475342635565,138.33297252004635,-99.0,175,0,-102.43076710816774,-0.15368549874367038,empirical,none
315,1,control,0.813953488372093,739.2914285714286,768.94375,-0.3299153612010202,-0.2924749642978007,552.67,604.0,621.26,694.7,808.5999999999999,848.5250000000001,969.7900000000002,555.62,631.125,660.75,702.55,839.23,870.5999999999999,1009.3400000000001,0.8630196157141498,181.12958534869995,0.933095346518798,197.36951743187274,-99.0,172,0,-29.65232142857144,-0.03744039690321954,empirical,none
318,0,explicitDeadline,0.8470588235294118,538.0895833333333,620.5884615384615,-0.6330984804578416,-0.48569203251647214,436.18,466.275,478.85,526.4,573.7199999999999,585.75,655.8600000000001,529.8,574.475,585.6500000000001,614.8,653.5500000000001,663.25,713.5,0.7449196914043522,90.33192538566374,0.3075118133742327,82.92361461934988,0.03409090909090909,170,0,-82.49887820512822,-0.14740644794136942,empirical,none
318,1,explicitDeadline,0.8083832335329342,596.5133333333333,612.415625,-0.5256157031724669,-0.5060713060937626,509.21999999999997,546.3,557.66,582.6,626.9399999999999,638.1,709.9,485.29,530.8,536.12,576.85,673.4499999999999,686.125,778.9700000000001,0.4336740153636335,80.63921289742613,0.41441688322416687,111.2327496140123,0.05113636363636364,167,0,-15.902291666666656,-0.019544397078704256,empirical,none
319,0,explicitDeadline,0.6196319018404908,603.6999999999999,607.8354838709678,-0.5278410018142051,-0.5118114912187586,446.29999999999995,501.70000000000005,516.7,595.7,683.1,713.7,780.6999999999999,477.37,540.9,547.32,598.8000000000001,650.35,668.575,749.06,0.07454464599826831,128.10493120875557,0.31682876896158163,102.46903906134514,0.06857142857142857,163,0,-4.135483870967846,-0.01602951059544655,empirical,none
319,1,explicitDeadline,0.8928571428571429,585.6426666666666,600.3833333333333,-0.5470036674923,-0.5225535031688143,480.99,515.65,529.08,578.85,632.93,647.7750000000001,715.05,503.76000000000005,530.9499999999999,533.29,580.9,633.23,672.225,709.8000000000001,0.35852152817580996,91.16452591215221,0.8790241423896098,99.8628662658124,0.045454545454545456,168,0,-14.740666666666698,-0.02445016432348568,empirical,none
320,0,explicitDeadline,0.783625730994152,637.3007462686568,657.9324324324324,-0.46354535885803755,-0.43469971811920466,527.09,561.2750000000001,576.72,641.1500000000001,690.77,698.975,781.05,480.06,592.3000000000001,595.58,673.3,725.62,736.9,789.9999999999999,0.11521721334715038,102.06091170809223,-0.17998673614462052,116.1865216271139,0.028409090909090908,171,0,-20.631686163775612,-0.02884564073883289,empirical,none
320,1,explicitDeadline,0.930635838150289,553.9341614906832,740.0,-0.6070558791475935,-0.30366441325767624,425.59999999999997,481.3,497.90000000000003,540.6999999999999,595.6,611.5,677.9,674.1300000000001,689.0250000000001,705.1800000000001,746.8,771.29,774.3499999999999,792.26,0.551490282311446,101.6229194778361,0.08997443430720423,55.25226445380067,0.017045454545454544,173,0,-186.0658385093168,-0.3033914658899173,empirical,none
321,0,explicitDeadline,0.6568047337278107,615.5,578.2931034482758,-0.4937017394207437,-0.560799838624122,529.6999999999999,560.65,563.8,599.4000000000001,658.5,667.0,738.1,479.17,517.4499999999999,520.75,558.15,633.3000000000001,654.6750000000001,736.0300000000001,0.46048047270758635,80.68423637861359,0.2959549869607138,94.61092044469616,0.03428571428571429,169,1,37.206896551724185,0.06709809920337828,empirical,none
321,1,explicitDeadline,0.8263473053892215,563.0101449275362,631.8758620689656,-0.587029304741252,-0.4734857534974446,462.24,496.775,499.32,545.95,585.0799999999999,605.9250000000001,702.49,502.35999999999996,527.5999999999999,566.24,643.3,694.42,701.3000000000001,774.68,0.8720639353323248,92.33688896758663,0.031162204985869843,107.77452871346213,0.045714285714285714,167,0,-68.8657171414294,-0.11354355124380744,empirical,none
322,0,explicitDeadline,0.55625,662.943820224719,643.1549295774648,-0.42284301750425807,-0.45365821427850794,551.0,594.0,605.6,665.0,721.0,742.0,791.2,508.0,579.5,594.0,643.0,687.0,696.5,778.0,-0.08987709052908356,100.30457702220609,0.20132738780074316,101.10640051624878,0.08045977011494253,160,1,19.78889064725422,0.030815196774249876,empirical,none
322,1,explicitDeadline,0.6848484848484848,653.858407079646,661.3846153846154,-0.4357798226175484,-0.4240843049560379,538.0,592.0,610.2,658.0,711.5999999999999,724.0,759.0,545.0,595.75,619.9,655.5,703.8,726.25,784.9,-0.13996499952199082,95.03776197391949,0.18436358670525121,97.07873373188603,0.040697674418604654,165,0,-7.526208304969373,-0.011695517661510502,empirical,none
326,0,explicitDeadline,0.7657142857142857,549.4798507462687,622.2682926829268,-0.6114708284349364,-0.48557624098565766,447.77,476.725,499.86,534.1500000000001,582.1,605.0999999999999,674.22,518.5,570.0,579.5,608.4000000000001,637.8000000000001,644.1,773.3,0.6568505942435899,89.49447815943834,0.447847232403666,94.7924402023294,0.0,175,0,-72.78844193665816,-0.12589458744927873,empirical,none
326,1,explicitDeadline,0.8128654970760234,580.2525179856116,612.775,-0.5545281955919118,-0.5011649747324002,472.88,522.7,537.5,576.3000000000001,624.38,631.9000000000001,679.62,487.09000000000003,554.575,567.67,610.15,637.95,656.6,726.2600000000001,0.22529252689778745,82.91420773946457,0.4166982595495472,94.43526883532446,0.022857142857142857,171,0,-32.5224820143884,-0.05336322085951162,empirical,none
327,0,explicitDeadline,0.6708074534161491,519.6666666666666,531.6981132075472,-0.6730251460447939,-0.6466734429383243,398.6,449.75,465.7,507.0,560.4,574.75,663.4999999999999,430.2,488.0,493.8,519.0,549.0,557.0,682.4000000000001,0.37996664902077987,100.45466732270772,0.6955898278566996,94.46785878025076,0.024242424242424242,161,0,-12.031446540880552,-0.026351703106469615,empirical,none
327,1,explicitDeadline,0.8554216867469879,516.6830985915493,498.0416666666667,-0.6702146590856143,-0.7139458111659249,430.1,468.0,473.0,510.0,541.4,560.0,610.9,380.6,429.5,431.0,492.0,537.4,542.75,630.0999999999999,0.7289956706238049,74.26809493370892,0.5296739419910388,94.4501152744787,0.023529411764705882,166,1,18.641431924882625,0.04373115208031064,empirical,none
328,0,explicitDeadline,0.8045977011494253,554.8078571428572,641.3882352941176,-0.606806123895027,-0.45792337714544334,423.18,474.325,493.03,555.25,605.7,624.85,699.6700000000001,515.54,581.0500000000001,591.6099999999999,640.6500000000001,690.9599999999999,720.0,777.61,0.20725863354964583,103.95136457408326,-0.13889333344627833,105.22140802081272,0.011363636363636364,174,0,-86.58037815126045,-0.14888274674958363,empirical,none
328,1,explicitDeadline,0.6705882352941176,607.3052631578947,592.0642857142857,-0.5099296866018311,-0.5465824700803127,491.01000000000005,534.6,548.74,599.0999999999999,656.8799999999999,676.075,728.54,435.05000000000007,475.95,493.9,585.85,685.75,695.175,761.75,0.22284238039159704,91.17866331889498,0.06842356234157172,124.52717911228189,0.03409090909090909,170,1,15.24097744360904,0.036652783478481554,empirical,none
330,0,explicitDeadline,0.7378048780487805,587.997520661157,651.1651162790698,-0.5501121135591149,-0.44229068223056023,444.40000000000003,497.59999999999997,507.70000000000005,580.6,634.8000000000001,660.3,768.4,514.52,581.6,591.74,640.2,714.74,737.5500000000001,791.0600000000001,0.4167393198948272,115.93697746535244,0.09583081835711418,106.53480514148309,0.06818181818181818,164,0,-63.167595617912866,-0.1078214313285547,empirical,none
330,1,explicitDeadline,0.8470588235294118,567.71875,605.1538461538462,-0.5845151705484132,-0.5275298416704027,439.43,492.29999999999995,504.08,554.95,597.9499999999999,629.55,717.0200000000001,453.35,508.875,526.7,613.3,677.95,692.8,803.65,0.7097108103149625,111.55869286465902,0.019266387722307064,134.84359007611516,0.03409090909090909,170,0,-37.43509615384619,-0.056985328878010444,empirical,none
331,0,explicitDeadline,0.6234567901234568,590.5445544554456,585.6983606557377,-0.5452440923935525,-0.549638236188905,445.79999999999995,508.2,518.0,571.0,632.6,658.5999999999999,776.6999999999999,466.9,517.1,532.9000000000001,579.7,633.3,634.6,701.0999999999999,0.6251687494236504,116.34885601091874,0.2454374091768911,100.57296272160369,0.05813953488372093,162,1,4.846193799707862,0.004394143795352412,empirical,none
331,1,explicitDeadline,0.7964071856287425,561.4631578947369,581.3970588235294,-0.5954200072039895,-0.5615142602489217,431.74,483.59999999999997,502.34000000000003,555.1,601.6999999999999,624.1,700.22,436.03000000000003,507.775,515.29,600.25,621.35,634.9250000000001,721.0699999999999,0.35049877364790777,107.35578026645244,0.07392104439040094,113.37619996436672,0.05113636363636364,167,0,-19.933900928792468,-0.03390574695506776,empirical,none
332,0,explicitDeadline,0.5357142857142857,600.0888888888888,613.4269230769231,-0.5241761044143549,-0.4990051056138793,488.17,535.95,551.11,582.65,644.4599999999999,672.8000000000001,739.45,511.25000000000006,555.375,567.57,612.55,656.84,671.7,725.3299999999999,0.2809020074377888,98.94823120918191,0.037503517213280685,87.57655303994123,0.045454545454545456,168,0,-13.338034188034271,-0.02517099880047563,empirical,none
332,1,explicitDeadline,0.8742857142857143,570.1529411764706,618.8590909090909,-0.5767533661971729,-0.49629833903792603,455.04,493.09999999999997,503.74,551.6,599.52,618.1,721.4200000000001,443.81,589.45,599.44,632.25,668.9899999999999,686.525,752.33,0.792582349072647,101.51127890329252,-0.4859793185399768,109.78442364618336,0.005681818181818182,175,0,-48.70614973262036,-0.08045502715924685,empirical,none
334,0,explicitDeadline,0.6646341463414634,606.4954128440367,558.8363636363637,-0.5124940030715786,-0.6007196897719654,486.0,546.0,555.0,593.0,649.0,668.0,735.4,422.6,455.5,498.8,543.0,635.4,649.5,709.4,0.24379979924166165,95.77284311725934,0.3034360531317309,109.52570536034045,0.06285714285714286,164,1,47.65904920767298,0.08822568670038688,empirical,none
334,1,explicitDeadline,0.7168674698795181,591.2605042016806,613.3191489361702,-0.5402585462466347,-0.5093753254306802,469.4,521.0,536.0,582.0,640.0,665.5,721.8000000000001,444.2,523.5,554.8,616.0,704.5999999999999,714.5,759.8,0.15693190997231443,100.90660744897865,-0.19456144798386246,121.02463033236678,0.056818181818181816,166,0,-22.058644734489576,-0.030883220815954515,empirical,none
335,0,explicitDeadline,0.6163522012578616,620.7224489795918,616.8950819672131,-0.492170433186956,-0.49353000766877403,474.89000000000004,540.575,569.63,622.4000000000001,679.99,688.3,753.18,504.0,547.5,567.5,609.5,656.9000000000001,670.6999999999999,750.6,-0.0019133678917061326,107.18251947280683,0.3513578586731067,90.44675491917792,0.08620689655172414,159,1,3.8273670123787724,0.0013595744818180044,empirical,none
335,1,explicitDeadline,0.6804733727810651,630.9304347826087,589.9833333333333,-0.47050890891823904,-0.5469209434891694,534.56,570.25,578.78,618.4,671.6,693.55,766.6,441.22,490.6,501.95,607.8,643.6299999999998,666.0,739.22,0.3871778141698006,89.90459189911353,0.30366936830544694,116.77945469018015,0.028735632183908046,169,1,40.94710144927535,0.07641203457093038,empirical,none
341,0,control,0.8448275862068966,1237.4380952380952,1582.788888888889,0.1527300922768738,0.38782941158788053,747.02,868.4,902.12,1158.5,1396.12,1492.5,1817.1599999999999,825.0000000000001,1071.1,1237.4,1625.3999999999999,1902.58,2012.55,2244.7200000000003,0.9255805279655472,445.2413677154383,0.3012997688187723,587.2322737497773,-99.0,174,0,-345.3507936507938,-0.23509931931100672,empirical,none
341,1,control,0.8409090909090909,1271.8148648648648,1389.4071428571428,0.18543104788630463,0.29269414283417977,785.1899999999999,943.925,985.51,1204.8000000000002,1435.4199999999998,1517.0749999999998,1945.84,947.27,1123.3,1233.57,1380.5,1527.9499999999998,1557.15,1914.29,0.7831060221063176,431.90481651149935,0.4907877348499329,378.01512994271604,-99.0,176,0,-117.59227799227801,-0.10726309494787514,empirical,none
342,0,control,0.7126436781609196,862.8951612903226,1058.66,-0.1793821085918283,0.02112422849970725,632.8,696.5,719.6,814.0,955.5999999999999,1008.9999999999999,1177.7,744.2,902.5,913.8,1061.0,1165.1999999999998,1226.25,1343.1,0.9889773054788161,226.96559026290393,0.22934343287599732,275.64718724618734,-99.0,174,0,-195.76483870967752,-0.20050633709153554,empirical,none
342,1,control,0.9659090909090909,724.6058823529412,1036.1666666666667,-0.3519891536651112,0.024543767500870155,539.0,584.0,602.0,676.0,775.5,800.75,1011.4999999999999,878.0,1014.75,1023.5,1048.0,1116.0,1146.5,1182.5,1.2892761522707488,188.86416323522653,-1.2859814531533382,158.7871741252003,-99.0,176,0,-311.56078431372555,-0.37653292116598136,empirical,none
344,0,control,0.8579545454545454,674.4529801324503,816.216,-0.41427003133354,-0.2197530657235049,523.5999999999999,578.5,592.1999999999999,635.8000000000001,703.9,743.8499999999999,857.8,637.2,683.4,711.98,800.2,890.5799999999999,910.8000000000001,1013.46,1.2798302669975625,144.59991784596426,0.19176815596078087,151.1656725803404,-99.0,176,0,-141.7630198675497,-0.19451696561003512,empirical,none
344,1,control,0.8959537572254336,679.4574193548386,652.1444444444445,-0.4063930352441704,-0.452834631240108,516.46,583.2,602.0199999999999,666.3,726.84,750.4,858.2,495.08,508.95,541.8299999999999,629.2,697.8299999999999,744.275,891.18,0.5406985489238084,137.32355004111432,0.6561513935176896,154.1747450983584,-99.0,173,1,27.312974910394132,0.04644159599593756,empirical,none
348,0,control,0.7215909090909091,637.2748031496062,714.7816326530613,-0.4647088291445166,-0.34847857364988,505.78,553.55,570.34,620.0,679.8599999999999,698.7,789.28,584.88,627.1,637.0400000000001,698.1,787.8,793.6999999999999,890.38,0.4996382559435965,108.66625399315734,0.2674211778932535,115.10222752237357,-99.0,176,0,-77.50682950345504,-0.11623025549463661,empirical,none
348,1,control,0.7630057803468208,670.9772727272727,642.2365853658537,-0.41252787797689916,-0.4597954847031247,549.3399999999999,593.975,605.86,645.5,712.8199999999999,744.35,831.51,486.3,538.1,554.0,650.1,701.5,712.8,772.1,0.599095616660892,112.50718354735005,0.414195147077018,119.99633485256449,-99.0,173,1,28.740687361419077,0.04726760672622554,empirical,none
356,0,control,0.5340909090909091,1489.8297872340424,1946.621951219512,0.2190115454815477,0.49741844110550726,680.8,817.5,846.7,1184.5,1563.6,1768.25,2650.4,723.3,1088.25,1187.3,1815.5,2188.6,2456.25,3344.8,2.8959895704555048,1113.0623033533168,1.1879926430378942,1140.8441063825287,-99.0,176,0,-456.79216398546964,-0.2784068956239596,empirical,none
356,1,control,0.8505747126436781,1541.2364864864865,1406.923076923077,0.2556994271657251,0.1657704239137091,658.7,851.5,890.0,1244.0,1689.6999999999998,1891.5,2653.2000000000003,632.5,804.5,855.0,1120.0,1480.0,1547.25,2077.0,1.9873590643256829,1040.2923147636334,2.811087823021361,1041.9719352488116,-99.0,174,1,134.31340956340955,0.08992900325201597,empirical,none
357,0,control,0.7272727272727273,953.6171875,965.6999999999999,-0.07452901892244364,-0.06816359999367408,700.64,797.3,826.45,908.45,1016.4399999999999,1086.0,1259.32,689.83,761.85,817.25,902.8499999999999,1039.3799999999999,1082.45,1364.92,1.105020446978752,231.96455271875442,0.688078604344179,257.3599424929994,-99.0,176,0,-12.082812499999932,-0.006365418928769559,empirical,none
357,1,control,0.7840909090909091,893.0108695652174,1070.7473684210527,-0.15965038100988527,0.045704304907652066,607.0500000000001,674.525,697.8499999999999,788.3,985.27,1065.1,1336.8999999999999,806.7299999999999,915.2,936.99,1053.35,1172.5,1191.4250000000002,1387.6700000000003,0.9701172188628415,286.91438349729447,0.5935162241465841,232.28378582038346,-99.0,176,0,-177.7364988558353,-0.20535468591753733,empirical,none
358,0,control,0.7586206896551724,1828.3886363636364,2159.1190476190477,0.48667225302668043,0.6591980242214847,889.04,1129.5749999999998,1213.45,1581.75,2188.04,2272.0,3127.65,1187.31,1300.875,1419.6799999999998,1774.0,2399.98,2765.1499999999996,3486.5299999999993,1.3926480065849913,938.4358112596813,1.5257087711336672,1123.578226620495,-99.0,174,0,-330.73041125541135,-0.17252577119480422,empirical,none
358,1,control,0.8218390804597702,1586.3433566433566,2092.8548387096776,0.3636686955751331,0.6201005822583275,825.64,1033.1000000000001,1091.4799999999998,1395.1,1771.86,1895.9,2457.94,1067.1,1281.55,1457.0,1755.9,2237.7,2301.1000000000004,3361.5,1.9248996972119683,779.1505976002114,1.6072886830350352,1143.091161380319,-99.0,174,0,-506.5114820663209,-0.25643188668319444,empirical,none
368,0,explicitDeadline,0.5232558139534884,477.85222222222217,458.34512195121954,-0.7842388253398295,-0.8093857067411914,285.99,351.725,399.51,477.85,540.3599999999999,570.175,643.9900000000002,344.28,382.875,384.9,449.15,502.01,521.825,616.5900000000001,0.3449022079762482,143.11417005022088,0.6652978535430896,112.44068741246389,0.022727272727272728,172,1,19.507100271002628,0.025146881401361898,empirical,none
368,1,explicitDeadline,0.6379310344827587,466.3216216216216,437.45396825396824,-0.7910002906558865,-0.8669549160623479,338.0,368.4,399.9,438.59999999999997,527.5,547.95,600.7,288.62,338.75,352.78000000000003,438.59999999999997,487.40000000000003,509.90000000000003,585.4599999999999,0.7127523793808354,113.5120749727497,0.8297997652588259,127.52365602860597,0.011363636363636364,174,1,28.86765336765336,0.07595462540646136,empirical,none
369,0,explicitDeadline,0.6604938271604939,606.1056074766354,602.8472727272728,-0.5185784175213362,-0.5255397477356929,444.02000000000004,526.3,549.28,604.9,667.54,678.85,752.8000000000001,451.56,514.6,522.6,600.5,686.62,702.2,765.24,-0.0790207633327083,112.04011060041802,0.1673938219500871,119.09957062855314,0.06896551724137931,162,1,3.258334749362689,0.006961330214356742,empirical,none
369,1,explicitDeadline,0.8152866242038217,595.71796875,620.4137931034483,-0.5341297295906363,-0.5101869900376278,469.44,516.875,525.9900000000001,576.2,644.52,666.5,760.73,416.72,501.2,541.3800000000001,623.9,712.1800000000001,738.3,827.9,0.44853782469126313,108.36453819930493,-0.08150656641425581,155.68257018721948,0.10285714285714286,157,0,-24.6958243534483,-0.02394273955300852,empirical,none
371,0,explicitDeadline,0.43037974683544306,634.3205882352942,626.8788888888889,-0.47139436538646,-0.4807983064680479,485.91999999999996,549.525,579.14,622.2,684.63,705.325,788.0200000000001,496.99,554.6,568.07,617.8,672.5299999999999,703.625,752.9200000000002,0.08522458820295269,113.47803858650299,0.07018011080700665,103.2236042320828,0.08139534883720931,158,1,7.441699346405244,0.009403941081587874,empirical,none
371,1,explicitDeadline,0.8705882352941177,595.9121621621622,659.6136363636364,-0.5323773751799579,-0.4261505137139233,464.58,518.5250000000001,544.79,587.75,651.92,669.6,733.3000000000001,535.44,584.4000000000001,602.85,656.3500000000001,713.5,723.55,772.2400000000001,0.11076810298107508,101.39071721883816,0.013495996090052746,94.80935404652124,0.022988505747126436,170,0,-63.701474201474184,-0.10622686146603455,empirical,none
374,0,explicitDeadline,0.7365269461077845,581.2268292682926,636.8022727272727,-0.5560667043599482,-0.46451239930715454,466.38,521.8499999999999,531.14,578.3000000000001,616.1400000000001,624.25,720.7799999999999,499.62,556.0,562.77,635.7,707.23,725.75,778.25,0.5524054713083768,96.65048495224121,0.15429319121195448,104.3120151580943,0.05113636363636364,167,0,-55.57544345898009,-0.09155430505279366,empirical,none
374,1,explicitDeadline,0.9186046511627907,583.7626582278481,602.5642857142857,-0.5551096630247313,-0.5129225785146345,452.90000000000003,495.575,511.86,572.05,640.96,663.625,729.7600000000001,523.86,559.625,568.0100000000001,593.4,627.81,631.775,691.25,0.3974850134809203,107.98801566214082,0.5702275266384911,71.36538276463499,0.022727272727272728,172,0,-18.80162748643761,-0.042187084510096784,empirical,none
375,0,explicitDeadline,0.6871165644171779,604.5553571428571,678.4901960784314,-0.520014753865479,-0.39762017693246804,485.26000000000005,517.875,522.8299999999999,583.3,657.17,694.525,765.9300000000001,567.3000000000001,595.0500000000001,607.7,667.3,733.0,749.5999999999999,816.6,0.4600163216419683,112.24181010214701,0.12470278211761657,95.16575488042314,0.06321839080459771,163,0,-73.93483893557425,-0.12239457693301098,empirical,none
375,1,explicitDeadline,0.6951219512195121,613.2403508771929,608.646,-0.4983548409421049,-0.5081599741229179,515.02,560.725,567.59,600.25,650.85,660.3249999999999,716.47,493.29,533.575,551.01,599.45,647.11,655.4250000000001,721.98,0.6430815065374319,85.46870950412539,0.56839588783412,95.09121766783207,0.06285714285714286,164,1,4.594350877192937,0.009805133180812997,empirical,none
376,0,explicitDeadline,0.8383233532934131,605.7285714285714,668.5185185185185,-0.5147735834602469,-0.41633863312273833,492.0,529.5,542.0,588.5,655.9,676.75,747.6,518.8,557.0,575.8,703.0,733.0,749.0,804.2,0.48066270078249307,100.68219412474006,-0.17292287846299095,110.23554165456187,0.05113636363636364,167,0,-62.78994708994708,-0.0984349503375086,empirical,none
376,1,explicitDeadline,0.5302013422818792,689.3924050632911,643.1,-0.3806678328851735,-0.45953028720203876,571.0,626.0,638.4,681.0,750.5999999999999,765.5,811.4,490.6,541.75,559.7,636.0,710.9,747.75,826.2,-0.018861822275867888,90.74130850821214,0.24111574110898512,122.92110701878927,0.1534090909090909,149,1,46.292405063291085,0.07886245431686528,empirical,none
377,0,explicitDeadline,0.8058823529411765,596.5912408759124,636.939393939394,-0.5263750702532494,-0.459098600300728,504.4,535.0,542.0,572.0,636.0,651.0,721.0,553.6,575.0,579.2,624.0,670.0,685.0,765.8,0.7680517492985022,86.02124863562058,0.6298248591624983,83.30026237726511,0.03409090909090909,170,0,-40.34815306348162,-0.06727646995252134,empirical,none
377,1,explicitDeadline,0.8208092485549133,593.1971830985915,615.8709677419355,-0.532706021466516,-0.4919998212224235,483.5,530.0,534.6,585.0,628.4,639.5,716.8,521.0,571.5,589.0,615.0,653.0,658.5,711.0,0.5313350260293097,87.15253111615326,0.2887216920431442,75.61161371794852,0.011428571428571429,173,0,-22.673784643343993,-0.04070620024409255,empirical,none
378,0,explicitDeadline,0.7068965517241379,599.9918699186992,634.0588235294117,-0.5221022915256556,-0.4683942362734282,482.20000000000005,536.5,550.0,595.0,650.0,658.0,720.6,534.0,546.5,552.0,636.0,689.0,703.0,754.0,0.2612935491276371,90.35880171911357,0.2983286776913725,102.52968580166544,0.011363636363636364,174,0,-34.06695361071252,-0.05370805525222738,empirical,none
378,1,explicitDeadline,0.8295454545454546,570.1506849315068,637.9333333333333,-0.5757641423851191,-0.4669358457643905,468.0,491.25,500.5,549.0,618.0,637.75,717.0,482.0,550.75,560.0,642.5,719.1,730.75,822.1,0.6634427638151577,97.46888751807104,0.02347147062392157,119.10555542598901,0.0,176,0,-67.78264840182646,-0.10882829662072857,empirical,none
381,0,control,0.7023809523809523,850.5025423728814,860.554,-0.19103562494335108,-0.16553360594619998,608.4699999999999,697.65,728.64,812.6,953.1500000000001,978.7,1150.97,694.02,755.0749999999999,765.42,812.05,928.29,973.3000000000001,1096.74,0.6025520512268988,208.73096595217314,0.5583199363064897,154.70921269878392,-99.0,168,0,-10.051457627118566,-0.0255020189971511,empirical,none
381,1,control,0.8563218390804598,801.5859060402685,843.1360000000001,-0.24223111617703463,-0.19025617884972132,629.9999999999999,684.5,696.48,764.0,846.06,876.9,1018.7600000000002,672.98,721.7,760.04,846.6,934.42,945.0,1086.8000000000002,1.466146546125398,175.74327099498896,0.27173570884385945,169.15197772023438,-99.0,174,0,-41.55009395973161,-0.051974937327313314,empirical,none
382,0,control,0.7151162790697675,850.7520325203252,847.4061224489797,-0.19673361488890445,-0.1966072864693205,623.72,686.1,698.54,775.1,918.04,953.0,1222.3600000000001,571.06,705.7,738.22,823.9,924.92,945.1,1134.9,1.187087986238789,241.0514190264962,0.566003216892494,214.88058254156275,-99.0,172,1,3.3459100713455427,-0.0001263284195839598,empirical,none
382,1,control,0.8895348837209303,765.8830065359477,923.3842105263158,-0.2971751683588728,-0.10819392825981917,566.16,628.6,641.76,720.6,820.72,859.1,1024.1399999999999,673.64,778.9000000000001,794.5000000000001,853.1,984.84,1050.0,1221.9599999999998,1.3645251307993629,201.5280344187645,0.8478573167062455,233.5408702351163,-99.0,172,0,-157.50120399036803,-0.18898124009905365,empirical,none
385,0,explicitDeadline,0.8081395348837209,519.4136690647482,559.7363636363636,-0.6764881780211452,-0.6074324264293971,389.90000000000003,424.04999999999995,441.21999999999997,501.90000000000003,577.22,600.1,650.64,417.92,469.3,475.58,500.29999999999995,603.14,645.3,780.1800000000001,0.6398521136110508,109.96167066165047,0.7850991877481074,136.88225281738914,0.022727272727272728,172,0,-40.32269457161544,-0.06905575159174815,empirical,none
385,1,explicitDeadline,0.7906976744186046,557.4036764705882,567.0,-0.6073228989891231,-0.5929395834539604,404.85,460.425,483.85,544.8,608.1,643.225,725.45,409.9,453.275,471.85,552.65,638.7,654.9,720.0,0.3664454800054699,119.603287709109,0.25289035385380615,129.03415051838022,0.022727272727272728,172,0,-9.596323529411848,-0.0143833155351627,empirical,none
